OK	abbey-tristan	107	2026-03-17T02:00:16Z
OK	abbott-christopher-j	19	2026-03-17T02:00:16Z
OK	abboud-michael	12	2026-03-17T02:00:17Z
OK	abourisk-clark-p	3	2026-03-17T02:00:17Z
OK	adams-alex	35	2026-03-17T02:00:17Z
OK	adams-nicholas	258	2026-03-17T02:00:17Z
OK	adcock-alexandra	5	2026-03-17T02:00:17Z
OK	adewale-sadik-ademola	109	2026-03-17T02:00:17Z
OK	adler-daniel	51	2026-03-17T02:00:17Z
OK	adolphsen-samuel	44	2026-03-17T02:00:17Z
OK	affolter-shawn-d	20	2026-03-17T02:00:17Z
OK	agostisi-colin-m	7	2026-03-17T02:00:17Z
OK	aimonetti-justin-w	137	2026-03-17T02:00:17Z
OK	albanese-joseph	80	2026-03-17T02:00:18Z
OK	albus-thomas	131	2026-03-17T02:00:18Z
OK	alecxih-reese	3	2026-03-17T02:00:18Z
OK	alexander-mason	6	2026-03-17T02:00:18Z
OK	alfonso-royals-angelica	7	2026-03-17T02:00:18Z
OK	allen-edward-lawrence	50	2026-03-17T02:00:18Z
OK	allen-michael	6	2026-03-17T02:00:18Z
OK	allen-talor-a	5	2026-03-17T02:00:18Z
OK	allende-pedro	75	2026-03-17T02:00:18Z
OK	alm-joseph	30	2026-03-17T02:00:18Z
OK	alme-kurt	39	2026-03-17T02:00:18Z
OK	almeida-danna	7	2026-03-17T02:00:18Z
OK	altik-jacob	19	2026-03-17T02:00:18Z
OK	alvi-cora	35	2026-03-17T02:00:18Z
OK	ambrosini-christopher	9	2026-03-17T02:00:18Z
OK	amidon-eric	114	2026-03-17T02:00:19Z
OK	andersen-marc	83	2026-03-17T02:00:19Z
OK	anderson-derrick-m	30	2026-03-17T02:00:19Z
OK	anderson-hannah	10	2026-03-17T02:00:19Z
OK	anderson-jack	39	2026-03-17T02:00:19Z
OK	anderson-jeffrey	75	2026-03-17T02:00:19Z
OK	anderson-matthew	128	2026-03-17T02:00:19Z
OK	anderson-richard	114	2026-03-17T02:00:19Z
OK	anderson-smythe	63	2026-03-17T02:00:20Z
OK	andres-gary	67	2026-03-17T02:00:20Z
OK	angelo-gregory	21	2026-03-17T02:00:20Z
OK	antoni-erwin	40	2026-03-17T02:00:20Z
OK	aquino-brandon	7	2026-03-17T02:00:20Z
OK	aramanda-alexander	69	2026-03-17T02:00:20Z
OK	arata-brian	9	2026-03-17T02:00:20Z
OK	archer-william	157	2026-03-17T02:00:20Z
OK	archeval-anthony	68	2026-03-17T02:00:20Z
OK	arendt-jeremy-p	82	2026-03-17T02:00:20Z
OK	argyros-melissa	671	2026-03-17T02:00:21Z
OK	armstrong-rebekah	27	2026-03-17T02:00:21Z
OK	armstrong-wesley	2	2026-03-17T02:00:21Z
OK	aronowitz-daniel	325	2026-03-17T02:00:22Z
OK	arrigo-john	811	2026-03-17T02:00:23Z
OK	arrington-charles-ogden	2	2026-03-17T02:00:23Z
OK	arvanitidis-pavlos-y	18	2026-03-17T02:00:23Z
OK	atallah-rudolph	65	2026-03-17T02:00:23Z
OK	atkins-paul	1062	2026-03-17T02:00:25Z
OK	autry-gregory	84	2026-03-17T02:00:25Z
OK	baasch-ryan	19	2026-03-17T02:00:25Z
OK	bacso-cameron-d	45	2026-03-17T02:00:25Z
OK	badgley-tyler	47	2026-03-17T02:00:25Z
OK	baehr-james	64	2026-03-17T02:00:25Z
OK	baesler-kirsten	81	2026-03-17T02:00:25Z
OK	bailey-sara	47	2026-03-17T02:00:25Z
OK	baker-andrew-c	60	2026-03-17T02:00:25Z
OK	baker-rachel	22	2026-03-17T02:00:25Z
OK	baldree-riley-b	8	2026-03-17T02:00:25Z
OK	baldwin-lauren-c	9	2026-03-17T02:00:25Z
OK	bang-jennifer-d	30	2026-03-17T02:00:25Z
OK	baptiste-thomas	7	2026-03-17T02:00:25Z
OK	barbaccia-gregory-j	151	2026-03-17T02:00:26Z
OK	barber-brian	45	2026-03-17T02:00:26Z
OK	bardon-lea	9	2026-03-17T02:00:26Z
OK	barja-jaide-gladys	3	2026-03-17T02:00:26Z
OK	barker-david	182	2026-03-17T02:00:26Z
OK	barloon-joseph	90	2026-03-17T02:00:26Z
OK	barnes-riley-m	25	2026-03-17T02:00:26Z
OK	barnett-gary-e	35	2026-03-17T02:00:26Z
OK	barrack-thomas-j	1550	2026-03-17T02:00:28Z
OK	barrett-william	13	2026-03-17T02:00:29Z
OK	barrios-audrey	75	2026-03-17T02:00:29Z
OK	barrs-derek	48	2026-03-17T02:00:29Z
OK	barsottelli-william	16	2026-03-17T02:00:29Z
OK	bartlett-joe	73	2026-03-17T02:00:29Z
OK	bartos-jeffrey-a	251	2026-03-17T02:00:29Z
OK	bartrum-john	52	2026-03-17T02:00:29Z
OK	bass-keith-monroe	17	2026-03-17T02:00:29Z
OK	bastasch-michael	19	2026-03-17T02:00:29Z
OK	bauer-meghan	53	2026-03-17T02:00:29Z
OK	baugh-jackson	18	2026-03-17T02:00:29Z
OK	bazzi-bill	124	2026-03-17T02:00:30Z
OK	beach-brandon	253	2026-03-17T02:00:30Z
OK	beard-gregory	1017	2026-03-17T02:00:31Z
OK	beck-david	50	2026-03-17T02:00:31Z
OK	beck-nancy-beth	198	2026-03-17T02:00:32Z
OK	beck-neil-j	47	2026-03-17T02:00:32Z
OK	bedford-bryan	332	2026-03-17T02:00:32Z
OK	bell-david	45	2026-03-17T02:00:32Z
OK	bell-nicholas	4	2026-03-17T02:00:32Z
OK	bell-thomas	6	2026-03-17T02:00:32Z
OK	bellmard-kennis	20	2026-03-17T02:00:32Z
OK	bellomo-vincent	26	2026-03-17T02:00:32Z
OK	bennett-parker	19	2026-03-17T02:00:32Z
OK	benoit-margaret	8	2026-03-17T02:00:32Z
OK	benson-andrew	50	2026-03-17T02:00:32Z
OK	bergeron-james	51	2026-03-17T02:00:32Z
OK	bergin-ii-donald-j	53	2026-03-17T02:00:33Z
OK	berkowitz-marc	554	2026-03-17T02:00:33Z
OK	berry-jonathan-a	184	2026-03-17T02:00:34Z
OK	bessent-scott	183	2026-03-17T02:00:34Z
OK	bessette-murray	40	2026-03-17T02:00:34Z
OK	beyda-sam	34	2026-03-17T02:00:34Z
OK	beyer-leslie	51	2026-03-17T02:00:34Z
OK	bhambhani-dipka	34	2026-03-17T02:00:34Z
OK	bhattacharya-jayanta	150	2026-03-17T02:00:34Z
OK	biasini-riccardo	34	2026-03-17T02:00:34Z
OK	biddle-emily	17	2026-03-17T02:00:34Z
OK	biedermann-madison	44	2026-03-17T02:00:34Z
OK	billy-stephen-m	18	2026-03-17T02:00:34Z
OK	bis-justin	10	2026-03-17T02:00:34Z
OK	bishop-james-daniel	65	2026-03-17T02:00:35Z
OK	bisignano-frank-john	251	2026-03-17T02:00:35Z
OK	bissex-christopher-j	34	2026-03-17T02:00:35Z
OK	black-benjamin	871	2026-03-17T02:00:36Z
OK	blair-michael-james	96	2026-03-17T02:00:36Z
OK	blakely-kyser-s	63	2026-03-17T02:00:36Z
OK	blanchard-lynda	82	2026-03-17T02:00:36Z
OK	blanchard-tym	51	2026-03-17T02:00:36Z
OK	blanche-todd	111	2026-03-17T02:00:37Z
OK	blaylock-rees	36	2026-03-17T02:00:37Z
OK	bledsoe-eric	12	2026-03-17T02:00:37Z
OK	bliss-jacob	45	2026-03-17T02:00:37Z
OK	blome-donald-a	25	2026-03-17T02:00:37Z
OK	blum-jonathan	18	2026-03-17T02:00:37Z
OK	boes-michael	27	2026-03-17T02:00:37Z
OK	bokhari-tariq	19	2026-03-17T02:00:37Z
OK	bolen-derrick	11	2026-03-17T02:00:37Z
OK	bolin-miles	15	2026-03-17T02:00:37Z
OK	bonarrigo-villamil-christina-angelina	96	2026-03-17T02:00:37Z
OK	bondi-pam	63	2026-03-17T02:00:37Z
OK	bonfitto-madison	9	2026-03-17T02:00:37Z
OK	booeshaghi-teresa	67	2026-03-17T02:00:37Z
OK	boothby-william	8	2026-03-17T02:00:37Z
OK	borden-hailey	41	2026-03-17T02:00:37Z
OK	borders-michael	17	2026-03-17T02:00:37Z
OK	boren-michael	739	2026-03-17T02:00:38Z
OK	borg-jared	22	2026-03-17T02:00:38Z
OK	bornstein-jeffrey	233	2026-03-17T02:00:39Z
OK	boston-hadley	2	2026-03-17T02:00:39Z
OK	bottari-joseph-u	14	2026-03-17T02:00:39Z
OK	boucek-braden	339	2026-03-17T02:00:39Z
OK	bowman-davis-peter-harrington	37	2026-03-17T02:00:39Z
OK	bowman-michelle	50	2026-03-17T02:00:39Z
OK	boyce-carter	15	2026-03-17T02:00:40Z
OK	boyle-william-ellis	56	2026-03-17T02:00:40Z
OK	boylestad-samantha	3	2026-03-17T02:00:40Z
OK	bozell-leo	473	2026-03-17T02:00:40Z
OK	bradbury-steven-gill	95	2026-03-17T02:00:40Z
OK	bradway-courtney	27	2026-03-17T02:00:40Z
OK	braid-duncan	12	2026-03-17T02:00:40Z
OK	braid-james	14	2026-03-17T02:00:40Z
OK	brandt-kimberly-lynn	157	2026-03-17T02:00:41Z
OK	brashears-mindy	61	2026-03-17T02:00:41Z
OK	brasseaux-matthew	9	2026-03-17T02:00:41Z
OK	bravacos-john	32	2026-03-17T02:00:41Z
OK	brazell-karen	17	2026-03-17T02:00:41Z
OK	bresso-gineen	79	2026-03-17T02:00:41Z
OK	bretan-alyssa	3	2026-03-17T02:00:41Z
OK	bridgforth-henry-turner	14	2026-03-17T02:00:41Z
OK	brien-patrick	4	2026-03-17T02:00:41Z
OK	briggs-parker-l	11	2026-03-17T02:00:41Z
OK	briggs-william-john	49	2026-03-17T02:00:41Z
OK	brightbill-jonathan	142	2026-03-17T02:00:41Z
OK	brightbill-nicole	151	2026-03-17T02:00:41Z
OK	brnovich-mark	42	2026-03-17T02:00:42Z
OK	broderick-janel-c	30	2026-03-17T02:00:42Z
OK	brodian-david-a	25	2026-03-17T02:00:42Z
OK	brodie-howard	249	2026-03-17T02:00:42Z
OK	brooke-beatrice-e	4	2026-03-17T02:00:42Z
OK	brooke-francis	44	2026-03-17T02:00:42Z
OK	brooks-john	64	2026-03-17T02:00:42Z
OK	brooks-wesley	68	2026-03-17T02:00:42Z
OK	broughton-alexandra	10	2026-03-17T02:00:42Z
OK	brown-ashley	0	2026-03-17T02:00:42Z
OK	brown-brandon	6	2026-03-17T02:00:42Z
OK	brown-gary-m	30	2026-03-17T02:00:42Z
OK	brown-melissa	3	2026-03-17T02:00:42Z
OK	brown-samuel-boaz	11	2026-03-17T02:00:42Z
OK	browne-peggy	65	2026-03-17T02:00:42Z
OK	bruce-tammy-k	28	2026-03-17T02:00:42Z
OK	bruno-grace-a	22	2026-03-17T02:00:43Z
OK	buchan-richard-duke	428	2026-03-17T02:00:43Z
OK	buckham-matthew	29	2026-03-17T02:00:43Z
OK	buckley-thomas	11	2026-03-17T02:00:43Z
OK	buckner-chloe-m	2	2026-03-17T02:00:43Z
OK	budd-falen-karen	78	2026-03-17T02:00:43Z
OK	budowich-taylor	36	2026-03-17T02:00:43Z
OK	bugel-madeleine	28	2026-03-17T02:00:43Z
OK	bulazel-alina	93	2026-03-17T02:00:44Z
OK	bunch-taylor	33	2026-03-17T02:00:44Z
OK	bunn-david	0	2026-03-17T02:00:44Z
OK	burch-brian	89	2026-03-17T02:00:44Z
OK	burch-jennifer-a	5	2026-03-17T02:00:44Z
OK	burch-rebecca	27	2026-03-17T02:00:44Z
OK	burdette-john	10	2026-03-17T02:00:44Z
OK	burdick-emily	10	2026-03-17T02:00:44Z
OK	burger-tyler	20	2026-03-17T02:00:44Z
OK	burgess-michael-owen	27	2026-03-17T02:00:44Z
OK	burgum-doug	506	2026-03-17T02:00:45Z
OK	burke-jonathan	45	2026-03-17T02:00:45Z
OK	burkett-robert-e	26	2026-03-17T02:00:45Z
OK	burkhardt-craig-s	130	2026-03-17T02:00:45Z
OK	burns-w-stuart	53	2026-03-17T02:00:45Z
OK	burrows-daniel	107	2026-03-17T02:00:45Z
OK	bush-charles	4	2026-03-17T02:00:45Z
OK	bush-margaret	27	2026-03-17T02:00:45Z
OK	busterud-john	115	2026-03-17T02:00:45Z
OK	butler-barclay-p	104	2026-03-17T02:00:45Z
OK	butler-patrick-l	93	2026-03-17T02:00:45Z
OK	buzzelli-matthew	29	2026-03-17T02:00:46Z
OK	byrd-anne	6	2026-03-17T02:00:46Z
OK	cabrera-kevin-marino	35	2026-03-17T02:00:46Z
OK	cadenazzi-michael	74	2026-03-17T02:00:46Z
OK	caggy-james	45	2026-03-17T02:00:46Z
OK	cairncross-sean	172	2026-03-17T02:00:46Z
OK	calabria-mark-a	65	2026-03-17T02:00:46Z
OK	calhoun-larry	15	2026-03-17T02:00:46Z
OK	callahan-julie-e	50	2026-03-17T02:00:46Z
OK	callahan-kenneth-robert	261	2026-03-17T02:00:47Z
OK	calton-karen-l	34	2026-03-17T02:00:47Z
OK	cameron-allie	21	2026-03-17T02:00:47Z
OK	cameron-scott	130	2026-03-17T02:00:47Z
OK	campbell-joshua-j	11	2026-03-17T02:00:47Z
OK	campbell-kyle	30	2026-03-17T02:00:47Z
OK	campos-leah	13	2026-03-17T02:00:47Z
OK	candeub-adam	210	2026-03-17T02:00:47Z
OK	cao-hung	27	2026-03-17T02:00:47Z
OK	capito-arch-alfred-moore	73	2026-03-17T02:00:47Z
OK	carey-crystal	124	2026-03-17T02:00:47Z
OK	carl-jeremy	187	2026-03-17T02:00:48Z
OK	carlson-corrinne	12	2026-03-17T02:00:48Z
OK	carlton-stephanie	40	2026-03-17T02:00:48Z
OK	carmel-stephen	27	2026-03-17T02:00:48Z
OK	caro-rivera-juan-a	30	2026-03-17T02:00:48Z
OK	carpenter-christina	40	2026-03-17T02:00:48Z
OK	carr-brendan	30	2026-03-17T02:00:48Z
OK	carson-jacob-m	21	2026-03-17T02:00:48Z
OK	carter-mary-a	79	2026-03-17T02:00:48Z
OK	cashour-curtis-e	38	2026-03-17T02:00:48Z
OK	cassady-adam-s	4	2026-03-17T02:00:48Z
OK	cassidy-francis	267	2026-03-17T02:00:49Z
OK	castillo-david	88	2026-03-17T02:00:49Z
OK	cauley-rachel-k	65	2026-03-17T02:00:49Z
OK	cavanaugh-brian-j	22	2026-03-17T02:00:49Z
OK	cavanaugh-nate	12	2026-03-17T02:00:49Z
OK	cekada-robert	15	2026-03-17T02:00:49Z
OK	centorino-scott	36	2026-03-17T02:00:49Z
OK	chacon-eric-s	45	2026-03-17T02:00:49Z
OK	chalkey-richard	13	2026-03-17T02:00:49Z
OK	champion-joseph-mason	6	2026-03-17T02:00:49Z
OK	chapman-charles	6	2026-03-17T02:00:49Z
OK	chase-nicholas-w	26	2026-03-17T02:00:49Z
OK	chatfield-jenifer-a	41	2026-03-17T02:00:49Z
OK	chavez-deremer-lori-m	150	2026-03-17T02:00:49Z
OK	chen-emily	18	2026-03-17T02:00:49Z
OK	chertman-willy	11	2026-03-17T02:00:49Z
OK	chiarello-gustav	58	2026-03-17T02:00:49Z
OK	christ-katelyn-e	7	2026-03-17T02:00:49Z
OK	christensen-brent-t	50	2026-03-17T02:00:49Z
OK	christine-brian	105	2026-03-17T02:00:50Z
OK	christman-jordan-n	15	2026-03-17T02:00:50Z
OK	clark-harrison	7	2026-03-17T02:00:50Z
OK	clark-jeffrey-bossert	58	2026-03-17T02:00:50Z
OK	clark-steven-c	0	2026-03-17T02:00:50Z
OK	clarkson-tyler	16	2026-03-17T02:00:50Z
OK	clayton-walter-joseph	536	2026-03-17T02:00:50Z
OK	cleary-dean	14	2026-03-17T02:00:50Z
OK	clem-chris	15	2026-03-17T02:00:50Z
OK	clemens-nicholas-j	12	2026-03-17T02:00:50Z
OK	clementi-cristian	10	2026-03-17T02:00:50Z
OK	cleveland-legget-denise	11	2026-03-17T02:00:51Z
OK	clingenpeel-cale	29	2026-03-17T02:00:51Z
OK	coccodrilli-curt	24	2026-03-17T02:00:51Z
OK	coe-carl	102	2026-03-17T02:00:51Z
OK	cohen-derek	36	2026-03-17T02:00:51Z
OK	cohen-neal	1095	2026-03-17T02:00:52Z
OK	colby-elbridge-a	122	2026-03-17T02:00:52Z
OK	cole-michael	456	2026-03-17T02:00:53Z
OK	cole-terrance-c	42	2026-03-17T02:00:53Z
OK	coleman-sable	17	2026-03-17T02:00:53Z
OK	collins-brighton-f	13	2026-03-17T02:00:53Z
OK	collins-doug	40	2026-03-17T02:00:53Z
OK	cook-george-m	24	2026-03-17T02:00:53Z
OK	cook-josh	18	2026-03-17T02:00:53Z
OK	cook-steven	57	2026-03-17T02:00:53Z
OK	cooke-andres	14	2026-03-17T02:00:53Z
OK	cooke-theodore	30	2026-03-17T02:00:53Z
OK	cooksey-sean-j	42	2026-03-17T02:00:53Z
OK	copenhaver-marianne	0	2026-03-17T02:00:53Z
OK	copley-david	75	2026-03-17T02:00:53Z
OK	corcos-samuel	12	2026-03-17T02:00:53Z
OK	corlett-thomas-joseph	17	2026-03-17T02:00:53Z
OK	corry-thomas	62	2026-03-17T02:00:54Z
OK	cortina-cynthia	12	2026-03-17T02:00:54Z
OK	cote-gregory	191	2026-03-17T02:00:54Z
OK	courcelle-david	373	2026-03-17T02:00:54Z
OK	coursey-joshua-w	14	2026-03-17T02:00:54Z
OK	covey-katy	5	2026-03-17T02:00:54Z
OK	cowan-charles	181	2026-03-17T02:00:55Z
OK	cowen-bill	0	2026-03-17T02:00:55Z
OK	cox-jordan	5	2026-03-17T02:00:55Z
OK	coyle-keith	57	2026-03-17T02:00:55Z
OK	cranston-seana	7	2026-03-17T02:00:55Z
OK	crawford-james	11	2026-03-17T02:00:55Z
OK	creegan-erin	15	2026-03-17T02:00:55Z
OK	crews-john	94	2026-03-17T02:00:55Z
OK	crnkovich-anthony	8	2026-03-17T02:00:55Z
OK	cromer-clayton	159	2026-03-17T02:00:55Z
OK	croslow-lucas	32	2026-03-17T02:00:55Z
OK	crowley-monica	84	2026-03-17T02:00:55Z
OK	cruz-anthony	0	2026-03-17T02:00:55Z
OK	cruz-mark	29	2026-03-17T02:00:55Z
OK	cubbage-nicole-a	32	2026-03-17T02:00:55Z
OK	cuff-andrew	74	2026-03-17T02:00:55Z
OK	curyto-jessica-l	20	2026-03-17T02:00:55Z
OK	cuthbert-west	108	2026-03-17T02:00:56Z
OK	cutler-diane	8	2026-03-17T02:00:56Z
OK	czwartacki-samuel-d	8	2026-03-17T02:00:56Z
OK	d-andrea-mia	0	2026-03-17T02:00:56Z
OK	d-esposito-anthony	0	2026-03-17T02:00:56Z
OK	dabbar-paul-m	466	2026-03-17T02:00:56Z
OK	dahmer-austin	33	2026-03-17T02:00:56Z
OK	danker-rich	35	2026-03-17T02:00:56Z
OK	danker-richard	0	2026-03-17T02:00:56Z
OK	danley-christopher-d	280	2026-03-17T02:00:57Z
OK	danly-james	32	2026-03-17T02:00:57Z
OK	danner-meghan-e	14	2026-03-17T02:00:57Z
OK	daubert-graydon	1	2026-03-17T02:00:57Z
OK	davies-kirsten	330	2026-03-17T02:00:57Z
OK	davis-amber	21	2026-03-17T02:00:57Z
OK	davis-ashley-l	13	2026-03-17T02:00:57Z
OK	davis-bart	42	2026-03-17T02:00:57Z
OK	davis-emily-k	12	2026-03-17T02:00:57Z
OK	davis-janna-l	3	2026-03-17T02:00:57Z
OK	davis-lynda	97	2026-03-17T02:00:57Z
OK	davis-patrick	12	2026-03-17T02:00:57Z
OK	davis-scott	17	2026-03-17T02:00:57Z
OK	decesaro-anne-m	12	2026-03-17T02:00:57Z
OK	decker-paige	1	2026-03-17T02:00:57Z
OK	deeley-blake	39	2026-03-17T02:00:58Z
OK	defelice-joseph	30	2026-03-17T02:00:58Z
OK	dekleva-lynn	12	2026-03-17T02:00:58Z
OK	del-rosso-cristina	17	2026-03-17T02:00:58Z
OK	delacourt-scott	35	2026-03-17T02:00:58Z
OK	delahoyde-abigail-m	65	2026-03-17T02:00:58Z
OK	deleeuw-john	140	2026-03-17T02:00:58Z
OK	delisle-jason-d	35	2026-03-17T02:00:58Z
OK	delquie-sophie	18	2026-03-17T02:00:58Z
OK	demapan-angel-a	17	2026-03-17T02:00:58Z
OK	demarzo-benjamin	27	2026-03-17T02:00:58Z
OK	demoss-robert-l	13	2026-03-17T02:00:58Z
OK	dempsey-donald-a	100	2026-03-17T02:00:58Z
OK	dennis-irving	388	2026-03-17T02:00:59Z
OK	denton-jake-j	72	2026-03-17T02:00:59Z
OK	denton-jr-david	88	2026-03-17T02:00:59Z
OK	denton-wall-holly	14	2026-03-17T02:00:59Z
OK	depinto-yevette-m	17	2026-03-17T02:00:59Z
OK	desai-rujul	19	2026-03-17T02:00:59Z
OK	desombre-michael-g	231	2026-03-17T02:00:59Z
OK	dever-john	70	2026-03-17T02:00:59Z
OK	devoy-bridget	39	2026-03-17T02:01:00Z
OK	dewitt-morgan	81	2026-03-17T02:01:00Z
OK	dhillon-harmeet-kaur	188	2026-03-17T02:01:00Z
OK	dhillon-janet-louise	29	2026-03-17T02:01:00Z
OK	diamantas-kyle	63	2026-03-17T02:01:00Z
OK	dibella-laura	51	2026-03-17T02:01:00Z
OK	dick-elizabeth	39	2026-03-17T02:01:00Z
OK	dietderich-ben	3	2026-03-17T02:01:00Z
OK	dill-timothy	143	2026-03-17T02:01:00Z
OK	dillon-diane	19	2026-03-17T02:01:00Z
OK	dinanno-thomas	26	2026-03-17T02:01:00Z
OK	ding-michael-c	22	2026-03-17T02:01:00Z
OK	ditlevson-mark	32	2026-03-17T02:01:00Z
OK	divincentis-alex-m	10	2026-03-17T02:01:00Z
OK	dobbins-halee	9	2026-03-17T02:01:01Z
OK	dodd-michael	58	2026-03-17T02:01:01Z
OK	dodson-natalie	7	2026-03-17T02:01:01Z
OK	doffermyre-william	58	2026-03-17T02:01:01Z
OK	dohner-kristin	19	2026-03-17T02:01:01Z
OK	dominguez-alexander	41	2026-03-17T02:01:01Z
OK	donahue-sean-michael	39	2026-03-17T02:01:01Z
OK	donilon-brooke-e	93	2026-03-17T02:01:01Z
OK	doran-samuel	208	2026-03-17T02:01:01Z
OK	dorfman-victoria	46	2026-03-17T02:01:01Z
OK	dorr-kaelen	21	2026-03-17T02:01:01Z
OK	dorsey-tobias-a	13	2026-03-17T02:01:01Z
OK	doster-kimberly-m	35	2026-03-17T02:01:01Z
OK	doud-aidan	18	2026-03-17T02:01:01Z
OK	douglas-chandler	19	2026-03-17T02:01:01Z
OK	doyle-brett-w	45	2026-03-17T02:01:02Z
OK	driscoll-daniel-patrick	39	2026-03-17T02:01:02Z
OK	duber-nicholas	9	2026-03-17T02:01:02Z
OK	dudkovsky-sofia	4	2026-03-17T02:01:02Z
OK	duffey-michael-patrick	46	2026-03-17T02:01:02Z
OK	duffy-sean	241	2026-03-17T02:01:02Z
OK	dulin-kassandra-l	24	2026-03-17T02:01:02Z
OK	dunavant-david-michael	13	2026-03-17T02:01:02Z
OK	duncan-harold-p	32	2026-03-17T02:01:02Z
OK	dunn-connor	10	2026-03-17T02:01:02Z
OK	duva-tysen	33	2026-03-17T02:01:02Z
OK	dziedzic-andrew-c	50	2026-03-17T02:01:02Z
OK	edgar-troy-dean	190	2026-03-17T02:01:03Z
OK	edlow-joseph	47	2026-03-17T02:01:03Z
OK	edwards-dan	106	2026-03-17T02:01:03Z
OK	edwards-parker	34	2026-03-17T02:01:03Z
OK	ehikian-stephen-b	198	2026-03-17T02:01:03Z
OK	eichamer-kristen-m	42	2026-03-17T02:01:03Z
OK	einstman-john-c	2	2026-03-17T02:01:03Z
OK	eisenberg-john	94	2026-03-17T02:01:03Z
OK	eisenhauer-darren-g	11	2026-03-17T02:01:03Z
OK	eisner-david	375	2026-03-17T02:01:04Z
OK	elison-jesse	42	2026-03-17T02:01:04Z
OK	elleson-benjamin	8	2026-03-17T02:01:04Z
OK	elliot-nicholas	294	2026-03-17T02:01:04Z
OK	ellis-jeremy	32	2026-03-17T02:01:04Z
OK	emmer-jack	3	2026-03-17T02:01:04Z
OK	engelbaum-mark-r	149	2026-03-17T02:01:05Z
OK	engels-tom	76	2026-03-17T02:01:05Z
OK	enlow-eric-g	7	2026-03-17T02:01:05Z
OK	erdos-lanny	30	2026-03-17T02:01:05Z
OK	erickson-scott-g	60	2026-03-17T02:01:05Z
OK	escobedo-christopher	46	2026-03-17T02:01:05Z
OK	ettorre-eric	46	2026-03-17T02:01:05Z
OK	eunice-john	36	2026-03-17T02:01:05Z
OK	evans-jason-s	117	2026-03-17T02:01:05Z
OK	evans-john	34	2026-03-17T02:01:05Z
OK	evans-karen-s	110	2026-03-17T02:01:05Z
OK	even-yael	2	2026-03-17T02:01:05Z
OK	faggion-alec	15	2026-03-17T02:01:05Z
OK	fahey-brian	85	2026-03-17T02:01:05Z
OK	faircloth-jordan	44	2026-03-17T02:01:05Z
OK	fallang-ethan	126	2026-03-17T02:01:06Z
OK	farkas-somers	241	2026-03-17T02:01:06Z
OK	farquharson-andrew-d	103	2026-03-17T02:01:06Z
OK	farr-caroline	23	2026-03-17T02:01:06Z
OK	farrell-patrick-a	4	2026-03-17T02:01:06Z
OK	faulkender-michael	49	2026-03-17T02:01:06Z
OK	fawcett-rutherford-h	36	2026-03-17T02:01:06Z
OK	feeley-robert	26	2026-03-17T02:01:06Z
OK	feere-jon	13	2026-03-17T02:01:06Z
OK	feinberg-stacey	1280	2026-03-17T02:01:08Z
OK	feinberg-stephen-andrew	11341	2026-03-17T02:01:31Z
OK	ferguson-andrew	20	2026-03-17T02:01:31Z
OK	ferguson-iii-thomas-russell	134	2026-03-17T02:01:31Z
OK	ferguson-paul-s	44	2026-03-17T02:01:32Z
OK	ferns-conor	19	2026-03-17T02:01:32Z
OK	fertitta-ella	8	2026-03-17T02:01:32Z
OK	fertitta-tilman	707	2026-03-17T02:01:33Z
OK	feuer-hailey-n	15	2026-03-17T02:01:33Z
OK	fields-chester-j	15	2026-03-17T02:01:33Z
OK	fields-harrison	16	2026-03-17T02:01:33Z
OK	fields-kyle	4	2026-03-17T02:01:33Z
OK	fiely-samuel	11	2026-03-17T02:01:33Z
OK	figliola-anthony	109	2026-03-17T02:01:33Z
OK	figueroa-john	2021	2026-03-17T02:01:36Z
OK	fike-hugh-d	29	2026-03-17T02:01:36Z
OK	fila-stephanie	8	2026-03-17T02:01:36Z
OK	fink-david-armstrong	131	2026-03-17T02:01:36Z
OK	finzer-mary	10	2026-03-17T02:01:36Z
OK	fish-brian	3	2026-03-17T02:01:36Z
OK	fisher-arthur	79	2026-03-17T02:01:36Z
OK	fisher-julie-d	25	2026-03-17T02:01:36Z
OK	fisher-shannon-m	9	2026-03-17T02:01:36Z
OK	fitrell-troy-d	20	2026-03-17T02:01:36Z
OK	fitzgerald-david-r	66	2026-03-17T02:01:36Z
OK	fitzgerald-shawn-patrick	9	2026-03-17T02:01:36Z
OK	fitzhugh-peter	31	2026-03-17T02:01:36Z
OK	fitzpatrick-sydney	14	2026-03-17T02:01:36Z
OK	fitzsimmons-alexander	130	2026-03-17T02:01:36Z
OK	flores-pete-r	4	2026-03-17T02:01:36Z
OK	flute-david	3	2026-03-17T02:01:36Z
OK	flynn-isabella	15	2026-03-17T02:01:36Z
OK	fodale-samuel	10	2026-03-17T02:01:36Z
OK	fogel-david	550	2026-03-17T02:01:37Z
OK	fones-harry	30	2026-03-17T02:01:37Z
OK	fordyce-richard	24	2026-03-17T02:01:37Z
OK	forgrave-james	98	2026-03-17T02:01:37Z
OK	forsgren-dennis-l	66	2026-03-17T02:01:37Z
OK	forst-edward	971	2026-03-17T02:01:39Z
OK	foster-robert-f	71	2026-03-17T02:01:39Z
OK	fotouhi-david	128	2026-03-17T02:01:39Z
OK	fox-christopher	39	2026-03-17T02:01:39Z
OK	francone-christina-e	23	2026-03-17T02:01:39Z
OK	frank-corine	24	2026-03-17T02:01:39Z
OK	frederick-kara	79	2026-03-17T02:01:39Z
OK	freeland-jeffrey	18	2026-03-17T02:01:39Z
OK	freier-dale	6	2026-03-17T02:01:39Z
OK	friedman-yitzchak	9	2026-03-17T02:01:39Z
OK	frost-leland	74	2026-03-17T02:01:39Z
OK	frye-tony	34	2026-03-17T02:01:39Z
OK	fulkerson-jake	9	2026-03-17T02:01:39Z
OK	gabbard-tulsi	110	2026-03-17T02:01:39Z
OK	gabriel-quinn	2	2026-03-17T02:01:39Z
OK	gabriel-robert	12	2026-03-17T02:01:39Z
OK	gaide-erin	12	2026-03-17T02:01:39Z
OK	gaiser-thomas-elliot	137	2026-03-17T02:01:40Z
OK	gall-daniel	24	2026-03-17T02:01:40Z
OK	garoufalis-luke-m	9	2026-03-17T02:01:40Z
OK	garrett-kyle	3	2026-03-17T02:01:40Z
OK	garrish-theodore	49	2026-03-17T02:01:40Z
OK	gast-scott-f	98	2026-03-17T02:01:40Z
OK	gautreaux-cathy-f	3	2026-03-17T02:01:40Z
OK	geho-douglas-c	7	2026-03-17T02:01:40Z
OK	geitner-timothy	29	2026-03-17T02:01:40Z
OK	genatowski-siegfried-lane	11	2026-03-17T02:01:40Z
OK	gentin-pierre-m	206	2026-03-17T02:01:40Z
OK	george-jonathan-d	15	2026-03-17T02:01:40Z
OK	gerace-ii-dominick-s	125	2026-03-17T02:01:40Z
OK	gesiriech-sarah-j	33	2026-03-17T02:01:40Z
OK	ghalib-amer	9	2026-03-17T02:01:40Z
OK	ghandour-ryan	1	2026-03-17T02:01:41Z
OK	giacona-matthew	57	2026-03-17T02:01:41Z
OK	gibbens-jeffrey	56	2026-03-17T02:01:41Z
OK	gibbs-john	10	2026-03-17T02:01:41Z
OK	gibson-samantha	7	2026-03-17T02:01:41Z
OK	gil-dario	155	2026-03-17T02:01:41Z
OK	gilbert-christopher-t	48	2026-03-17T02:01:41Z
OK	gillespie-jamie	16	2026-03-17T02:01:41Z
OK	gillis-william	73	2026-03-17T02:01:41Z
OK	gillson-zoe	9	2026-03-17T02:01:41Z
OK	gilmore-gregory-m	36	2026-03-17T02:01:41Z
OK	gingrich-callista	174	2026-03-17T02:01:41Z
OK	giordano-john	56	2026-03-17T02:01:41Z
OK	giordano-lawrence-michael	49	2026-03-17T02:01:42Z
OK	glass-george	99	2026-03-17T02:01:42Z
OK	glassner-christine	90	2026-03-17T02:01:42Z
OK	godfrey-cooper-f	23	2026-03-17T02:01:42Z
OK	goettman-jeffrey-w	72	2026-03-17T02:02:53Z
OK	goldberg-arielle-j	38	2026-03-17T02:02:53Z
OK	gootkin-brian	73	2026-03-17T02:02:53Z
OK	gor-sergio	29	2026-03-17T02:02:53Z
OK	gorgon-jr-jerome-f	89	2026-03-17T02:02:53Z
OK	gormley-joseph	45	2026-03-17T02:02:53Z
OK	goudarzi-talat	10	2026-03-17T02:02:53Z
OK	gould-jonathan	713	2026-03-17T02:02:54Z
OK	govan-jr-thomas	23	2026-03-17T02:02:54Z
OK	goyer-james-l	19	2026-03-17T02:02:54Z
OK	graber-ross-a	61	2026-03-17T02:02:54Z
OK	grace-andrea-m	1	2026-03-17T02:02:54Z
OK	gradison-andrew	123	2026-03-17T02:02:55Z
OK	graham-grace	45	2026-03-17T02:02:55Z
OK	graham-michael-e	27	2026-03-17T02:02:55Z
OK	granito-catherine	61	2026-03-17T02:02:55Z
OK	gray-bryan-m	15	2026-03-17T02:02:55Z
OK	greenstein-jonathan	20	2026-03-17T02:02:55Z
OK	greer-jamieson	132	2026-03-17T02:02:55Z
OK	griffith-preston-wells	29	2026-03-17T02:02:55Z
OK	grimes-michael-d	239	2026-03-17T02:02:55Z
OK	grimm-laura	17	2026-03-17T02:02:55Z
OK	grisedale-garrison	34	2026-03-17T02:02:55Z
OK	groffy-william-f	21	2026-03-17T02:02:55Z
OK	gruson-barbara	98	2026-03-17T02:02:56Z
OK	guarnera-daniel	37	2026-03-17T02:02:56Z
OK	guernsey-andrew	30	2026-03-17T02:02:56Z
OK	guerra-young-luisa	74	2026-03-17T02:02:56Z
OK	guilfoyle-kimberly	351	2026-03-17T02:02:56Z
OK	gustafson-chris	13	2026-03-17T02:02:56Z
OK	gustafson-daniel	5	2026-03-17T02:02:56Z
OK	gutierrez-allen	28	2026-03-17T02:02:56Z
OK	haddad-zead	25	2026-03-17T02:02:56Z
OK	hagan-damon	70	2026-03-17T02:02:56Z
OK	hagan-jeffrey-scott	18	2026-03-17T02:02:57Z
OK	hagans-terence-e	34	2026-03-17T02:02:57Z
OK	hailstone-mitch	11	2026-03-17T02:02:57Z
OK	haines-steven-h	15	2026-03-17T02:02:57Z
OK	halem-michael	79	2026-03-17T02:02:57Z
OK	haley-vincent	17	2026-03-17T02:02:57Z
OK	hall-jeffrey-aaron	46	2026-03-17T02:02:57Z
OK	hall-luke	23	2026-03-17T02:02:57Z
OK	hall-mark-p	43	2026-03-17T02:02:57Z
OK	hallett-stephanie-l	63	2026-03-17T02:02:57Z
OK	halligan-lindsey-r	11	2026-03-17T02:02:57Z
OK	hamilton-gene	39	2026-03-17T02:02:57Z
OK	hampton-isaac	42	2026-03-17T02:02:57Z
OK	hampton-michael-m	28	2026-03-17T02:02:57Z
OK	hancock-phillip	31	2026-03-17T02:02:57Z
OK	hanley-joshua-a	20	2026-03-17T02:02:57Z
OK	hansell-bradley	221	2026-03-17T02:02:58Z
OK	hanson-catherine-paige	33	2026-03-17T02:02:58Z
OK	hanson-jodee	143	2026-03-17T02:02:58Z
OK	hardenbrook-shane-c	4	2026-03-17T02:02:58Z
OK	hardimon-madison-c	18	2026-03-17T02:02:58Z
OK	haridopolos-stephanie	115	2026-03-17T02:02:58Z
OK	harp-natalie	13	2026-03-17T02:02:58Z
OK	harris-chamberlain	34	2026-03-17T02:02:58Z
OK	harrison-hayley	11	2026-03-17T02:02:58Z
OK	harrison-william	12	2026-03-17T02:02:58Z
OK	hartman-julie	12	2026-03-17T02:02:58Z
OK	harvey-matthew-l	64	2026-03-17T02:02:58Z
OK	harvey-robert	159	2026-03-17T02:02:58Z
OK	hassen-tyler	280	2026-03-17T02:02:59Z
OK	hassett-kevin	100	2026-03-17T02:02:59Z
OK	hatfill-steven	16	2026-03-17T02:02:59Z
OK	hauptman-kyle	113	2026-03-17T02:02:59Z
OK	hauser-lillian	8	2026-03-17T02:02:59Z
OK	haustveit-kyle	106	2026-03-17T02:02:59Z
OK	hawkins-anne-e	14	2026-03-17T02:02:59Z
OK	hawkins-brian	17	2026-03-17T02:02:59Z
OK	hayes-byrd-jacquelyn	35	2026-03-17T02:02:59Z
OK	hayes-sean	79	2026-03-17T02:02:59Z
OK	heekin-john-p	64	2026-03-17T02:03:00Z
OK	hegseth-pete	182	2026-03-17T02:03:00Z
OK	hegseth-philip	25	2026-03-17T02:03:00Z
OK	heid-landon	9	2026-03-17T02:03:00Z
OK	heise-emma-b	16	2026-03-17T02:03:00Z
OK	helberg-jacob	1675	2026-03-17T02:03:02Z
OK	helmer-michael-e	11	2026-03-17T02:03:02Z
OK	henninger-amy	10	2026-03-17T02:03:02Z
OK	henzel-brendan	3	2026-03-17T02:03:02Z
OK	herrell-stella	34	2026-03-17T02:03:02Z
OK	herrington-lucy	7	2026-03-17T02:03:02Z
OK	hickey-connor	8	2026-03-17T02:03:02Z
OK	hildebrand-melinda	1534	2026-03-17T02:03:04Z
OK	hill-travis	51	2026-03-17T02:03:04Z
OK	hiller-john	68	2026-03-17T02:03:04Z
OK	hilliard-emily	17	2026-03-17T02:03:04Z
OK	hirsch-brigit	22	2026-03-17T02:03:04Z
OK	hitt-stephanie-d	60	2026-03-17T02:03:04Z
OK	hoag-zachariah-s	11	2026-03-17T02:03:04Z
OK	hobbs-benjamin	38	2026-03-17T02:03:04Z
OK	hocker-julie	27	2026-03-17T02:03:04Z
OK	hoeg-tracy	78	2026-03-17T02:03:05Z
OK	hoekstra-peter	72	2026-03-17T02:03:05Z
OK	hoelscher-douglas	202	2026-03-17T02:03:05Z
OK	hoffman-james-a	36	2026-03-17T02:03:05Z
OK	hoffman-jason-m	15	2026-03-17T02:03:05Z
OK	hofmann-ryan	21	2026-03-17T02:03:05Z
OK	hogan-greg	36	2026-03-17T02:03:05Z
OK	hoggatt-warren	78	2026-03-17T02:03:05Z
OK	holcomb-john	13	2026-03-17T02:03:05Z
OK	hollingsworth-rosalyn-r	7	2026-03-17T02:03:05Z
OK	hollis-paul	29	2026-03-17T02:03:05Z
OK	holmes-kevin	83	2026-03-17T02:03:05Z
OK	holran-carolyn	7	2026-03-17T02:03:05Z
OK	holtsnider-james-w	4	2026-03-17T02:03:05Z
OK	homan-thomas-d	329	2026-03-17T02:03:06Z
OK	hoogendoorn-taylor-c	310	2026-03-17T02:03:06Z
OK	hooker-allison	33	2026-03-17T02:03:06Z
OK	hopkins-danelle	11	2026-03-17T02:03:06Z
OK	horn-bryan-w	168	2026-03-17T02:03:07Z
OK	hoskins-dudley	110	2026-03-17T02:03:07Z
OK	howery-kenneth	322	2026-03-17T02:03:07Z
OK	hrkman-louis	61	2026-03-17T02:03:07Z
OK	hu-mannshyagrace-e	61	2026-03-17T02:03:07Z
OK	hu-stephanie	19	2026-03-17T02:03:07Z
OK	huckabee-michael	233	2026-03-17T02:03:08Z
OK	hughes-andrew	20	2026-03-17T02:03:08Z
OK	hughes-macon	52	2026-03-17T02:03:08Z
OK	hunter-caroline-c	1	2026-03-17T02:03:08Z
OK	hurley-john	527	2026-03-17T02:03:08Z
OK	hurowitz-jonathan	54	2026-03-17T02:03:09Z
OK	hurst-jules	47	2026-03-17T02:03:09Z
OK	hurwitz-spencer	3	2026-03-17T02:03:09Z
OK	hutchins-scott	159	2026-03-17T02:03:09Z
OK	ingraham-brent	39	2026-03-17T02:03:09Z
OK	ingrassia-paul	28	2026-03-17T02:03:09Z
OK	inguanta-michael	8	2026-03-17T02:03:09Z
OK	isaacman-jared-taylor	300	2026-03-17T02:03:09Z
OK	issa-michel	56	2026-03-17T02:03:09Z
OK	izoita-natalie	9	2026-03-17T02:03:09Z
OK	jackman-adam	25	2026-03-17T02:03:09Z
OK	jackson-candice-erin	16	2026-03-17T02:03:09Z
OK	jackson-susanna-b	8	2026-03-17T02:03:09Z
OK	jacobs-neil	30	2026-03-17T02:03:10Z
OK	jaffe-noah-t	15	2026-03-17T02:03:10Z
OK	jagadesan-dev	2	2026-03-17T02:03:10Z
OK	jaggers-john-e	20	2026-03-17T02:03:10Z
OK	jarrell-roger	13	2026-03-17T02:03:10Z
OK	jawa-moksh-m	32	2026-03-17T02:03:10Z
OK	jefferies-brenna	14	2026-03-17T02:03:10Z
OK	jensen-michael	32	2026-03-17T02:03:10Z
OK	jereza-catherine	53	2026-03-17T02:03:10Z
OK	jervis-geoffrey-g	213	2026-03-17T02:03:10Z
OK	jewell-joseph	148	2026-03-17T02:03:10Z
OK	jinks-kevin-m	20	2026-03-17T02:03:10Z
OK	johnson-ashley	8	2026-03-17T02:03:10Z
OK	johnson-dean	0	2026-03-17T02:03:10Z
OK	johnson-demarion	0	2026-03-17T02:03:10Z
OK	johnson-james-milam	9	2026-03-17T02:03:10Z
OK	johnson-mathew-d	4	2026-03-17T02:03:10Z
OK	johnson-michael	11	2026-03-17T02:03:10Z
OK	johnson-ronald-d	22	2026-03-17T02:03:10Z
OK	johnston-darcie	36	2026-03-17T02:03:10Z
OK	jones-joshua-j	14	2026-03-17T02:03:11Z
OK	jones-lisa	73	2026-03-17T02:03:11Z
OK	jones-matthew	56	2026-03-17T02:03:11Z
OK	jones-trevor-r	25	2026-03-17T02:03:11Z
OK	jones-william	31	2026-03-17T02:03:11Z
OK	jordan-kody	23	2026-03-17T02:03:11Z
OK	jordan-taylor	52	2026-03-17T02:03:11Z
OK	jorjani-daniel	18	2026-03-17T02:03:11Z
OK	jovanovic-john	475	2026-03-17T02:03:12Z
OK	joyce-william-t	35	2026-03-17T02:03:12Z
OK	judd-brandon	32	2026-03-17T02:03:12Z
OK	justice-tristan	8	2026-03-17T02:03:12Z
OK	kadlec-robert	360	2026-03-17T02:03:12Z
OK	kagel-noah	8	2026-03-17T02:03:12Z
OK	kahler-zachary-a	7	2026-03-17T02:03:12Z
OK	kaplanidis-george	12	2026-03-17T02:03:12Z
OK	kaploun-yehuda	78	2026-03-17T02:03:12Z
OK	kapur-paul	82	2026-03-17T02:03:12Z
OK	karwacki-joseph-c	6	2026-03-17T02:03:12Z
OK	kasperowicz-peter-i	38	2026-03-17T02:03:12Z
OK	kass-benjamin-k	25	2026-03-17T02:03:12Z
OK	katz-daniel-scott	136	2026-03-17T02:03:13Z
OK	katz-joel-n	5	2026-03-17T02:03:13Z
OK	katz-meir	23	2026-03-17T02:03:13Z
OK	keane-thomas	61	2026-03-17T02:03:13Z
OK	keast-ellen	14	2026-03-17T02:03:13Z
OK	keeling-david	221	2026-03-17T02:03:13Z
OK	keller-zachary	18	2026-03-17T02:03:13Z
OK	kelley-ian-a	20	2026-03-17T02:03:13Z
OK	kellogg-bryan-k	22	2026-03-17T02:03:13Z
OK	kellogg-trevor-j	92	2026-03-17T02:03:13Z
OK	kellogg-tyler	46	2026-03-17T02:03:13Z
OK	kelly-adam	4	2026-03-17T02:03:13Z
OK	kelm-brittany	14	2026-03-17T02:03:13Z
OK	kennedy-amaryllis-f	9	2026-03-17T02:03:13Z
OK	kennedy-jr-robert-f	249	2026-03-17T02:03:14Z
OK	kennedy-ross-k	3	2026-03-17T02:03:14Z
OK	kennedy-sara	11	2026-03-17T02:03:14Z
OK	kenny-stephen	151	2026-03-17T02:03:14Z
OK	kent-joseph	74	2026-03-17T02:03:14Z
OK	kent-nicholas	32	2026-03-17T02:03:14Z
OK	keogh-becky	66	2026-03-17T02:03:14Z
OK	kerner-henry	6	2026-03-17T02:03:14Z
OK	kessler-jeffrey	104	2026-03-17T02:03:15Z
OK	kidd-michael	8	2026-03-17T02:03:15Z
OK	kies-kenneth	252	2026-03-17T02:03:15Z
OK	kiko-colleen	9	2026-03-17T02:03:15Z
OK	kim-kwan-w	9	2026-03-17T02:03:15Z
OK	kimmitt-william-p	31	2026-03-17T02:03:15Z
OK	king-andrew-j	24	2026-03-17T02:03:15Z
OK	king-wells	19	2026-03-17T02:03:15Z
OK	kinn-candice-m	42	2026-03-17T02:03:15Z
OK	kirk-william-w	85	2026-03-17T02:03:15Z
OK	kirkland-william	65	2026-03-17T02:03:16Z
OK	kirven-madison	14	2026-03-17T02:03:16Z
OK	klein-ethan-a	90	2026-03-17T02:03:16Z
OK	klein-roger	63	2026-03-17T02:03:16Z
OK	kleinschmidt-arthur	24	2026-03-17T02:03:16Z
OK	kliger-gavin	28	2026-03-17T02:03:16Z
OK	klomp-gerard-r-c	84	2026-03-17T02:03:16Z
OK	kloster-andrew	17	2026-03-17T02:03:16Z
OK	kloster-richard	75	2026-03-17T02:03:16Z
OK	knapp-caprice	194	2026-03-17T02:03:16Z
OK	knittle-scott	18	2026-03-17T02:03:16Z
OK	knox-grayson	8	2026-03-17T02:03:16Z
OK	knox-john	13	2026-03-17T02:03:16Z
OK	kocher-timothy-d	22	2026-03-17T02:03:16Z
OK	kochman-benjamin	42	2026-03-17T02:03:17Z
OK	kofsky-aaron	4	2026-03-17T02:03:17Z
OK	kohlmann-benjamin	91	2026-03-17T02:03:17Z
OK	kohlrus-deidre	63	2026-03-17T02:03:17Z
OK	kokkinos-angelos	38	2026-03-17T02:03:17Z
OK	kolssak-logan	14	2026-03-17T02:03:17Z
OK	kopp-dana-m	51	2026-03-17T02:03:17Z
OK	korb-donald	163	2026-03-17T02:03:17Z
OK	korn-jennifer-s	89	2026-03-17T02:03:17Z
OK	kothari-sriprakash	77	2026-03-17T02:03:17Z
OK	kotwicki-christopher-a	42	2026-03-17T02:03:17Z
OK	koval-jonathan	19	2026-03-17T02:03:17Z
OK	kowalski-daniel-j	21	2026-03-17T02:03:17Z
OK	kozikowski-lauren	11	2026-03-17T02:03:17Z
OK	kozma-bethany	27	2026-03-17T02:03:18Z
OK	kozma-matthew	0	2026-03-17T02:03:18Z
OK	kramer-jessica-l	34	2026-03-17T02:03:18Z
OK	kratsios-michael	120	2026-03-17T02:03:18Z
OK	krause-thomas	869	2026-03-17T02:03:19Z
OK	kreoger-nathan	16	2026-03-17T02:03:19Z
OK	krepich-christopher	58	2026-03-17T02:03:19Z
OK	kriebel-anna-r	11	2026-03-17T02:03:19Z
OK	kriegshauser-ryan	179	2026-03-17T02:03:19Z
OK	kroeger-brand	14	2026-03-17T02:03:19Z
OK	kroon-joshua-t	2	2026-03-17T02:03:19Z
OK	kruger-james-edward-baxter	40	2026-03-17T02:03:19Z
OK	krutz-lev-a	56	2026-03-17T02:03:19Z
OK	kumar-harry	64	2026-03-17T02:03:19Z
OK	kunkler-kyle	36	2026-03-17T02:03:19Z
OK	kupor-scott-aaron	1602	2026-03-17T02:03:22Z
OK	kurtz-ronald-j	23	2026-03-17T02:03:22Z
OK	kushner-charles	1302	2026-03-17T02:03:24Z
OK	l-estrange-chloe	0	2026-03-17T02:03:24Z
OK	lacerte-david	45	2026-03-17T02:03:24Z
OK	lair-kathryn-e	10	2026-03-17T02:03:24Z
OK	laird-colin-q	45	2026-03-17T02:03:24Z
OK	lajoie-taylor	15	2026-03-17T02:03:24Z
OK	lake-peter	76	2026-03-17T02:03:25Z
OK	lamanna-isabelle	36	2026-03-17T02:03:25Z
OK	lambert-rick-owen	21	2026-03-17T02:03:25Z
OK	lamelas-peter	931	2026-03-17T02:03:26Z
OK	landau-christopher	358	2026-03-17T02:03:26Z
OK	landen-ashtyn	40	2026-03-17T02:03:26Z
OK	lane-iii-william	57	2026-03-17T02:03:26Z
OK	lane-jackson	18	2026-03-17T02:03:26Z
OK	langmack-scott	63	2026-03-17T02:03:27Z
OK	larotonda-nicholas	29	2026-03-17T02:03:27Z
OK	lauder-jon-m	17	2026-03-17T02:03:27Z
OK	laughlin-nathan	2	2026-03-17T02:03:27Z
OK	lauman-lauren	9	2026-03-17T02:03:27Z
OK	lavalle-john	16	2026-03-17T02:03:27Z
OK	lavorgna-joseph	234	2026-03-17T02:03:27Z
OK	law-robert-t	105	2026-03-17T02:03:27Z
OK	lawkowski-gary	78	2026-03-17T02:03:27Z
OK	lawler-andrew	103	2026-03-17T02:03:28Z
OK	lawrence-paul-r	134	2026-03-17T02:03:28Z
OK	lazare-mary-m	85	2026-03-17T02:03:28Z
OK	leary-scott	8	2026-03-17T02:03:28Z
OK	leavitt-karoline	36	2026-03-17T02:03:28Z
OK	lee-sean	5	2026-03-17T02:03:28Z
OK	leichner-hunter	12	2026-03-17T02:03:28Z
OK	leing-george-m	100	2026-03-17T02:03:28Z
OK	leon-jr-benjamin	1193	2026-03-17T02:03:30Z
OK	leppert-ryan	4	2026-03-17T02:03:30Z
OK	levenbach-stuart	29	2026-03-17T02:03:30Z
OK	levene-jake	27	2026-03-17T02:03:30Z
OK	levin-tyler	16	2026-03-17T02:03:30Z
OK	lewis-christine-a	29	2026-03-17T02:03:30Z
OK	liben-paul	23	2026-03-17T02:03:30Z
OK	ligon-john	39	2026-03-17T02:03:30Z
OK	lilly-kevin-j	686	2026-03-17T02:03:31Z
OK	lindberg-luke	87	2026-03-17T02:03:31Z
OK	lindstrom-paul-d	9	2026-03-17T02:03:31Z
OK	locetta-jennifer	61	2026-03-17T02:03:31Z
OK	lockwood-robert	34	2026-03-17T02:03:31Z
OK	lockwood-william	7	2026-03-17T02:03:31Z
OK	loeffler-kelly	439	2026-03-17T02:03:32Z
OK	logerfo-gregory-d	84	2026-03-17T02:03:32Z
OK	lohmeier-matthew	13	2026-03-17T02:03:32Z
OK	long-ii-william-h	129	2026-03-17T02:03:32Z
OK	long-john	21	2026-03-17T02:03:32Z
OK	lopez-priscilla	13	2026-03-17T02:03:33Z
OK	lorenze-brien-m	44	2026-03-17T02:03:33Z
OK	lott-iii-chester-t	9	2026-03-17T02:03:33Z
OK	loucks-joshua	9	2026-03-17T02:03:33Z
OK	loughran-jason	16	2026-03-17T02:03:33Z
OK	lovett-kasey	11	2026-03-17T02:03:33Z
OK	luby-matthew	54	2026-03-17T02:03:33Z
OK	lucas-andrea-ruth	66	2026-03-17T02:03:33Z
OK	lucas-bridget	13	2026-03-17T02:03:33Z
OK	lucas-paula-j	121	2026-03-17T02:03:33Z
OK	lucas-richard-j	10	2026-03-17T02:03:33Z
OK	lueck-mary	11	2026-03-17T02:03:33Z
OK	lukas-aaron	67	2026-03-17T02:03:33Z
OK	luna-nicholas	46	2026-03-17T02:03:33Z
OK	luse-logan-j	13	2026-03-17T02:03:33Z
OK	lutnick-howard	1101	2026-03-17T02:03:35Z
OK	lwin-michael-r	60	2026-03-17T02:03:35Z
OK	lyman-samuel	28	2026-03-17T02:03:35Z
OK	lynch-michael	63	2026-03-17T02:03:35Z
OK	lyon-andrew	218	2026-03-17T02:03:35Z
OK	lyons-todd	5	2026-03-17T02:03:35Z
OK	mabry-melanie	18	2026-03-17T02:03:35Z
OK	macdermott-colin	26	2026-03-17T02:03:35Z
OK	macdonnell-patrick	17	2026-03-17T02:03:35Z
OK	macgregor-katharine	78	2026-03-17T02:03:35Z
OK	macy-jim	31	2026-03-17T02:03:35Z
OK	madda-danielle-e	5	2026-03-17T02:03:35Z
OK	madden-nathaniel	12	2026-03-17T02:03:35Z
OK	madeya-bryan	19	2026-03-17T02:03:35Z
OK	maguire-evan-r	18	2026-03-17T02:03:35Z
OK	maguire-peter	20	2026-03-17T02:03:36Z
OK	mahoney-kailyn	12	2026-03-17T02:03:36Z
OK	mahroum-eric	12	2026-03-17T02:03:36Z
OK	mailman-sylvia	43	2026-03-17T02:03:36Z
OK	makary-martin	178	2026-03-17T02:03:36Z
OK	makecha-tarak-n	60	2026-03-17T02:03:36Z
OK	maklakiewicz-henry	39	2026-03-17T02:03:36Z
OK	malik-paras	35	2026-03-17T02:03:36Z
OK	mallonee-micah	7	2026-03-17T02:03:36Z
OK	malone-kevin	59	2026-03-17T02:03:36Z
OK	maloney-william	28	2026-03-17T02:03:36Z
OK	mamula-ned	40	2026-03-17T02:03:36Z
OK	mandy-cora	54	2026-03-17T02:03:36Z
OK	manger-malina	19	2026-03-17T02:03:36Z
OK	mangold-lenett-samuel	54	2026-03-17T02:03:36Z
OK	manjarres-richard	13	2026-03-17T02:03:36Z
OK	manning-kevin-g	34	2026-03-17T02:03:37Z
OK	manning-tyler-j	0	2026-03-17T02:03:37Z
OK	mapes-thomas	13	2026-03-17T02:03:37Z
OK	marks-bradley-t	34	2026-03-17T02:03:37Z
OK	marks-dale	5	2026-03-17T02:03:37Z
OK	marocco-peter-w	21	2026-03-17T02:03:37Z
OK	marshall-iii-william-k	12	2026-03-17T02:03:37Z
OK	martin-edward	114	2026-03-17T02:03:37Z
OK	martin-kathryn	83	2026-03-17T02:03:37Z
OK	martin-margo	23	2026-03-17T02:03:37Z
OK	martin-william-s	22	2026-03-17T02:03:37Z
OK	martinez-mackenzie-l	14	2026-03-17T02:03:37Z
OK	martinez-martin-r	13	2026-03-17T02:03:37Z
OK	martucci-michael-robert	82	2026-03-17T02:03:37Z
OK	mason-cheryl-l	59	2026-03-17T02:03:37Z
OK	mason-ian-peter	40	2026-03-17T02:03:37Z
OK	mason-walter-scott	3	2026-03-17T02:03:37Z
OK	mateer-carter	37	2026-03-17T02:03:37Z
OK	matesic-hannah	17	2026-03-17T02:03:37Z
OK	matthews-earl-g	36	2026-03-17T02:03:37Z
OK	maurer-joseph-e	1	2026-03-17T02:03:37Z
OK	mauro-regina	12	2026-03-17T02:03:37Z
OK	may-benjamin	94	2026-03-17T02:03:38Z
OK	mayer-scott	110	2026-03-17T02:03:38Z
OK	maynard-esther	7	2026-03-17T02:03:38Z
OK	mazer-josh	141	2026-03-17T02:03:38Z
OK	mazol-james	51	2026-03-17T02:03:38Z
OK	mazzara-joseph	19	2026-03-17T02:03:38Z
OK	mcauliffe-katherine	26	2026-03-17T02:03:38Z
OK	mccandless-alexandra	20	2026-03-17T02:03:38Z
OK	mccarthy-marci-b	4	2026-03-17T02:03:38Z
OK	mccommas-stuart	34	2026-03-17T02:03:38Z
OK	mccord-antoine	20	2026-03-17T02:03:38Z
OK	mccormack-ryan	31	2026-03-17T02:03:38Z
OK	mccormick-cortney	6	2026-03-17T02:03:38Z
OK	mccoshen-cale	8	2026-03-17T02:03:38Z
OK	mccoshen-james-michael	435	2026-03-17T02:03:39Z
OK	mccreery-madison	8	2026-03-17T02:03:39Z
OK	mcdaniel-abigail	6	2026-03-17T02:03:39Z
OK	mcelroy-james	30	2026-03-17T02:03:39Z
OK	mcferran-bryce	48	2026-03-17T02:03:39Z
OK	mcgill-greyson	7	2026-03-17T02:03:39Z
OK	mcgranahan-john-russell	613	2026-03-17T02:03:40Z
OK	mcgraw-nicole	25	2026-03-17T02:03:40Z
OK	mcgregor-dillon	19	2026-03-17T02:03:40Z
OK	mcgregor-ruby	11	2026-03-17T02:03:40Z
OK	mchale-caitlin	65	2026-03-17T02:03:40Z
OK	mchan-abby-p	5	2026-03-17T02:03:40Z
OK	mcinerny-paul-a	39	2026-03-17T02:03:40Z
OK	mcintosh-william-charles	24	2026-03-17T02:03:40Z
OK	mcintyre-natalie	13	2026-03-17T02:03:40Z
OK	mckay-robert-d	4	2026-03-17T02:03:40Z
OK	mckenna-william	20	2026-03-17T02:03:40Z
OK	mckenney-caitlyn	39	2026-03-17T02:03:40Z
OK	mckernan-jonathan	29	2026-03-17T02:03:41Z
OK	mclaughlin-keegan	13	2026-03-17T02:03:41Z
OK	mclean-christopher	18	2026-03-17T02:03:41Z
OK	mcleod-robert-b	71	2026-03-17T02:03:41Z
OK	mcmahon-linda	463	2026-03-17T02:03:41Z
OK	mcmaster-george-h	497	2026-03-17T02:03:42Z
OK	mcmaster-sean	65	2026-03-17T02:03:42Z
OK	mcmullan-matthew	20	2026-03-17T02:03:42Z
OK	mcomber-kevin	89	2026-03-17T02:03:42Z
OK	meachum-charles	37	2026-03-17T02:03:42Z
OK	meador-mark-ross	42	2026-03-17T02:03:42Z
OK	meadowcroft-wesley	7	2026-03-17T02:03:42Z
OK	meadows-josiah-e	9	2026-03-17T02:03:42Z
OK	means-casey	237	2026-03-17T02:03:43Z
OK	mears-walton	13	2026-03-17T02:03:43Z
OK	meilutis-dziugas	12	2026-03-17T02:03:43Z
OK	meink-troy	7	2026-03-17T02:03:43Z
OK	mejias-melissa	10	2026-03-17T02:03:43Z
OK	melanson-heather-flick	58	2026-03-17T02:03:43Z
OK	melbye-linnea	15	2026-03-17T02:03:43Z
OK	mendoza-eric	13	2026-03-17T02:03:43Z
OK	menon-shayam	75	2026-03-17T02:03:43Z
OK	merk-connor	12	2026-03-17T02:03:43Z
OK	merkel-theodore	31	2026-03-17T02:03:43Z
OK	merrick-nicholas-a	508	2026-03-17T02:03:44Z
OK	metcalf-david	63	2026-03-17T02:03:44Z
OK	metternick-sheridan	11	2026-03-17T02:03:44Z
OK	metzger-peter	43	2026-03-17T02:03:44Z
OK	meyer-alexander	36	2026-03-17T02:03:44Z
OK	meyer-eric-s	123	2026-03-17T02:03:44Z
OK	meyer-joyce	51	2026-03-17T02:03:44Z
OK	michael-emil-george	592	2026-03-17T02:03:45Z
OK	middleton-matthew	17	2026-03-17T02:03:45Z
OK	mildred-adam	125	2026-03-17T02:03:45Z
OK	miller-brian	21	2026-03-17T02:03:45Z
OK	miller-jackson-c	4	2026-03-17T02:03:45Z
OK	miller-joanna-r	27	2026-03-17T02:03:45Z
OK	miller-julia	47	2026-03-17T02:03:45Z
OK	miller-murray	3	2026-03-17T02:03:45Z
OK	miller-rachel	20	2026-03-17T02:03:45Z
OK	miller-stephen-n	114	2026-03-17T02:03:45Z
OK	milner-clark	36	2026-03-17T02:03:46Z
OK	mimnaugh-emily	20	2026-03-17T02:03:46Z
OK	minor-clark	39	2026-03-17T02:03:46Z
OK	miran-stephen-ira	315	2026-03-17T02:03:46Z
OK	mishory-elie	24	2026-03-17T02:03:46Z
OK	mitchell-james-cal	0	2026-03-17T02:03:46Z
OK	mitchell-joseph	55	2026-03-17T02:03:46Z
OK	mitchell-kelly-y	6	2026-03-17T02:03:46Z
OK	mittelstaedt-matthew	8	2026-03-17T02:03:46Z
OK	moabery-chase-a	9	2026-03-17T02:03:46Z
OK	mody-arjun	523	2026-03-17T02:03:47Z
OK	moen-kelse	30	2026-03-17T02:03:47Z
OK	molina-michael	179	2026-03-17T02:03:47Z
OK	molinaro-marcus	33	2026-03-17T02:03:47Z
OK	molinaro-stephanie-r	10	2026-03-17T02:03:47Z
OK	mollengarden-zachary	59	2026-03-17T02:03:47Z
OK	monarez-susan	67	2026-03-17T02:03:47Z
OK	moore-aynsley	9	2026-03-17T02:03:47Z
OK	moore-caroline	35	2026-03-17T02:03:47Z
OK	moore-nicholas-j	10	2026-03-17T02:03:47Z
OK	moran-charles-t	20	2026-03-17T02:03:47Z
OK	moreau-marshall-t	12	2026-03-17T02:03:47Z
OK	moreno-mia	0	2026-03-17T02:03:47Z
OK	morgan-owen	34	2026-03-17T02:03:48Z
OK	morgenstern-akira-m	30	2026-03-17T02:03:48Z
OK	moriarty-kara-g	66	2026-03-17T02:03:48Z
OK	moring-platte	55	2026-03-17T02:03:48Z
OK	morrall-kimberly	30	2026-03-17T02:03:48Z
OK	morrison-jonathan	52	2026-03-17T02:03:48Z
OK	morrison-monica	5	2026-03-17T02:03:48Z
OK	morrissey-brian-p	116	2026-03-17T02:03:48Z
OK	morrow-jack	3	2026-03-17T02:03:48Z
OK	mott-andrew	11	2026-03-17T02:03:48Z
OK	mueller-blake-t	10	2026-03-17T02:03:48Z
OK	mufarrige-christopher-g	53	2026-03-17T02:03:48Z
OK	mullican-claire	6	2026-03-17T02:03:48Z
OK	mulligan-casey	119	2026-03-17T02:03:48Z
OK	mulopulos-sam-j	11	2026-03-17T02:03:48Z
OK	munk-caldwell	2	2026-03-17T02:03:48Z
OK	murphy-braden	21	2026-03-17T02:03:48Z
OK	murphy-james	13	2026-03-17T02:03:48Z
OK	murphy-lesley	15	2026-03-17T02:03:48Z
OK	murray-andrew	11	2026-03-17T02:03:48Z
OK	murzin-caroline-c	22	2026-03-17T02:03:48Z
OK	myers-robert	19	2026-03-17T02:03:49Z
OK	naglieri-trevor	9	2026-03-17T02:03:49Z
OK	nagy-thomas	0	2026-03-17T02:03:49Z
OK	naidu-nathan	37	2026-03-17T02:03:49Z
OK	namdarkhan-morvared	37	2026-03-17T02:03:49Z
OK	napoli-matthew	36	2026-03-17T02:03:49Z
OK	naughton-janet-r	4	2026-03-17T02:03:49Z
OK	nauta-waltine	6	2026-03-17T02:03:49Z
OK	navarro-bernardo	610	2026-03-17T02:03:49Z
OK	navarro-peter-k	122	2026-03-17T02:03:50Z
OK	negrea-dan	24	2026-03-17T02:03:50Z
OK	nelson-baerett-ryan	15	2026-03-17T02:03:50Z
OK	nelson-james-m	5	2026-03-17T02:03:50Z
OK	nelson-peter	25	2026-03-17T02:03:50Z
OK	nelson-samuel	3	2026-03-17T02:03:50Z
OK	nesheiwat-janette	29	2026-03-17T02:03:50Z
OK	nesvik-brian	104	2026-03-17T02:03:50Z
OK	netram-christopher-m	51	2026-03-17T02:03:50Z
OK	neumann-alfred-m	30	2026-03-17T02:03:50Z
OK	newhouse-savannah	3	2026-03-17T02:03:50Z
OK	newnam-todd	1387	2026-03-17T02:03:52Z
OK	newton-christian-d	6	2026-03-17T02:03:52Z
OK	ney-paul	39	2026-03-17T02:03:52Z
OK	neyman-bethany-l	2	2026-03-17T02:03:52Z
OK	nguyen-stephanie	36	2026-03-17T02:03:52Z
OK	nguyen-tiana	33	2026-03-17T02:03:52Z
OK	nichols-benjamin	15	2026-03-17T02:03:52Z
OK	nieh-ho	21	2026-03-17T02:03:52Z
OK	nigro-alexandra	10	2026-03-17T02:03:52Z
OK	nirenberg-darryl	392	2026-03-17T02:03:53Z
OK	nixon-andrew	18	2026-03-17T02:03:53Z
OK	nocella-jr-joseph	38	2026-03-17T02:03:53Z
OK	noel-matthew-d	7	2026-03-17T02:03:53Z
OK	noem-kristi	82	2026-03-17T02:03:53Z
OK	noh-john	14	2026-03-17T02:03:53Z
OK	norton-christina	5	2026-03-17T02:03:53Z
OK	novak-jeffrey	29	2026-03-17T02:03:53Z
OK	o-brien-conner	0	2026-03-17T02:03:53Z
OK	o-brien-jack	0	2026-03-17T02:03:53Z
OK	o-connell-mark	0	2026-03-17T02:03:53Z
OK	o-connor-elizabeth	0	2026-03-17T02:03:53Z
OK	o-connor-kasey-b	0	2026-03-17T02:03:53Z
OK	o-dell-caitlin	0	2026-03-17T02:03:53Z
OK	o-farrell-kevin	0	2026-03-17T02:03:53Z
OK	o-kane-colleen	0	2026-03-17T02:03:53Z
OK	o-keefe-sean	0	2026-03-17T02:03:53Z
OK	o-neill-james-brendan	0	2026-03-17T02:03:53Z
OK	o-neill-sean	0	2026-03-17T02:03:53Z
OK	obadal-michael	168	2026-03-17T02:03:53Z
OK	oglesby-rachel	36	2026-03-17T02:03:53Z
OK	olson-carolyn-f	42	2026-03-17T02:03:53Z
OK	olson-leif	36	2026-03-17T02:03:53Z
OK	oneill-mark	0	2026-03-17T02:03:53Z
OK	orlaski-abigail	32	2026-03-17T02:03:53Z
OK	orlaski-joshua	41	2026-03-17T02:03:53Z
OK	orr-caleb-w	94	2026-03-17T02:03:53Z
OK	osterhues-eric	50	2026-03-17T02:03:54Z
OK	ourth-abraham	47	2026-03-17T02:03:54Z
OK	ovental-ilana	8	2026-03-17T02:03:54Z
OK	overbaugh-justin-p	32	2026-03-17T02:03:54Z
OK	overbey-rachael	71	2026-03-17T02:03:54Z
OK	overton-heidi	13	2026-03-17T02:03:54Z
OK	owens-darrell-r	11	2026-03-17T02:03:54Z
OK	oz-mehmet-cengiz	576	2026-03-17T02:03:55Z
OK	oz-seval	58	2026-03-17T02:03:55Z
OK	page-jacob-r	15	2026-03-17T02:03:55Z
OK	palmer-wayne-d	52	2026-03-17T02:03:55Z
OK	palmer-william-r	23	2026-03-17T02:03:55Z
OK	palmieri-rosario	45	2026-03-17T02:03:55Z
OK	pantoja-gutierrez-natalia	2	2026-03-17T02:03:55Z
OK	panuccio-brittany	199	2026-03-17T02:03:55Z
OK	paoletta-mark-r	116	2026-03-17T02:03:55Z
OK	pappano-scott	85	2026-03-17T02:03:55Z
OK	parkhurst-session-matthew	19	2026-03-17T02:03:55Z
OK	parsons-jr-ronald	725	2026-03-17T02:03:56Z
OK	patel-kashyap-p	182	2026-03-17T02:03:56Z
OK	patrick-kimberly	0	2026-03-17T02:03:56Z
OK	patterson-christopher	74	2026-03-17T02:03:57Z
OK	patterson-robert	2	2026-03-17T02:03:57Z
OK	payne-jay	55	2026-03-17T02:03:57Z
OK	payne-michael	27	2026-03-17T02:03:57Z
OK	pearce-drue	133	2026-03-17T02:03:57Z
OK	pearce-stevan	223	2026-03-17T02:03:57Z
OK	percival-james	16	2026-03-17T02:03:57Z
OK	perdue-david	600	2026-03-17T02:03:58Z
OK	perez-gabriel	26	2026-03-17T02:03:58Z
OK	perez-simone	18	2026-03-17T02:03:58Z
OK	perkins-hilary	25	2026-03-17T02:03:58Z
OK	perkins-krista	1	2026-03-17T02:03:58Z
OK	peters-david	39	2026-03-17T02:03:58Z
OK	peters-michael	41	2026-03-17T02:03:58Z
OK	peterson-john	77	2026-03-17T02:03:58Z
OK	pettit-luke	16	2026-03-17T02:03:58Z
OK	petty-timothy	56	2026-03-17T02:03:58Z
OK	pfeiffer-alexander	43	2026-03-17T02:03:58Z
OK	phelan-john	982	2026-03-17T02:04:00Z
OK	pidugu-pavan	82	2026-03-17T02:04:00Z
OK	pierce-tina	24	2026-03-17T02:04:00Z
OK	pilkerton-christopher	19	2026-03-17T02:04:00Z
OK	pineiro-soler-eugenio	3	2026-03-17T02:04:00Z
OK	pinover-mclaurine	13	2026-03-17T02:04:00Z
OK	pinto-ashok-m	85	2026-03-17T02:04:00Z
OK	pipko-roman	68	2026-03-17T02:04:00Z
OK	pirro-jeanine	742	2026-03-17T02:04:01Z
OK	placek-robert	27	2026-03-17T02:04:01Z
OK	plankey-sean	69	2026-03-17T02:04:01Z
OK	plans-barry	3	2026-03-17T02:04:01Z
OK	plante-sydney	25	2026-03-17T02:04:01Z
OK	ploch-christopher	5	2026-03-17T02:04:01Z
OK	pokon-emma	11	2026-03-17T02:04:01Z
OK	policastro-marie-k	8	2026-03-17T02:04:01Z
OK	popolo-joseph	1529	2026-03-17T02:04:03Z
OK	poradek-nicholas	25	2026-03-17T02:04:03Z
OK	porter-macaulay-v	43	2026-03-17T02:04:03Z
OK	poulson-john	31	2026-03-17T02:04:03Z
OK	powell-brette-c	12	2026-03-17T02:04:03Z
OK	powers-michael	58	2026-03-17T02:04:04Z
OK	pradko-josh	30	2026-03-17T02:04:04Z
OK	pratt-christopher	15	2026-03-17T02:04:04Z
OK	price-richard-matthew	84	2026-03-17T02:04:04Z
OK	prideaux-natalie-g	21	2026-03-17T02:04:04Z
OK	priebe-jonathan	9	2026-03-17T02:04:04Z
OK	pristach-kelsey	58	2026-03-17T02:04:04Z
OK	prochaska-conner	38	2026-03-17T02:04:04Z
OK	proenza-joseph	22	2026-03-17T02:04:04Z
OK	pugh-brandon-j	38	2026-03-17T02:04:04Z
OK	pugliese-anthony	15	2026-03-17T02:04:04Z
OK	pulte-william-j	118	2026-03-17T02:04:04Z
OK	puzder-andrew-f	470	2026-03-17T02:04:05Z
OK	quigg-emma	24	2026-03-17T02:04:05Z
OK	quill-joshua-j	13	2026-03-17T02:04:05Z
OK	quinonez-ashlea	21	2026-03-17T02:04:05Z
OK	quintenz-brian	65	2026-03-17T02:04:05Z
OK	raborn-jefferson-hunt	12	2026-03-17T02:04:05Z
OK	radford-wynn	54	2026-03-17T02:04:05Z
OK	rael-kelly	17	2026-03-17T02:04:05Z
OK	rajkovich-marco-m	139	2026-03-17T02:04:05Z
OK	rajpal-nikhil	15	2026-03-17T02:04:05Z
OK	ramer-jacob-b	32	2026-03-17T02:04:05Z
OK	ramsay-kara	13	2026-03-17T02:04:05Z
OK	rapp-andrew	158	2026-03-17T02:04:06Z
OK	ratcliffe-john-l	98	2026-03-17T02:04:06Z
OK	raybould-ryan	66	2026-03-17T02:04:06Z
OK	rayburn-joel-d	143	2026-03-17T02:04:06Z
OK	raynor-austin	77	2026-03-17T02:04:06Z
OK	rea-david-r	21	2026-03-17T02:04:06Z
OK	rea-tyler	17	2026-03-17T02:04:06Z
OK	reed-caroline-l	5	2026-03-17T02:04:06Z
OK	reed-james	29	2026-03-17T02:04:06Z
OK	reeves-harold-s	136	2026-03-17T02:04:06Z
OK	reiten-john	24	2026-03-17T02:04:06Z
OK	reitz-aaron-francis	11	2026-03-17T02:04:06Z
OK	remington-darren-b	3	2026-03-17T02:04:06Z
OK	repass-kristin	30	2026-03-17T02:04:07Z
OK	reses-jacob-b	37	2026-03-17T02:04:07Z
OK	rhee-justin	13	2026-03-17T02:04:07Z
OK	rhoads-adam-r	9	2026-03-17T02:04:07Z
OK	rhodes-kevin-r	33	2026-03-17T02:04:07Z
OK	rich-john-paul	14	2026-03-17T02:04:07Z
OK	richardson-mallory	32	2026-03-17T02:04:07Z
OK	richey-kimberly	39	2026-03-17T02:04:07Z
OK	rigas-elaine	35	2026-03-17T02:04:07Z
OK	rigas-laura	29	2026-03-17T02:04:07Z
OK	rigas-michael-j	30	2026-03-17T02:04:07Z
OK	riggin-natalia	27	2026-03-17T02:04:07Z
OK	rihbany-kelsey	15	2026-03-17T02:04:07Z
OK	riley-mary-christina-n	8	2026-03-17T02:04:07Z
OK	riley-rachel	650	2026-03-17T02:04:08Z
OK	rinaldi-lou	99	2026-03-17T02:04:08Z
OK	rittenhouse-andrew	53	2026-03-17T02:04:08Z
OK	rizzuto-leandro	66	2026-03-17T02:04:08Z
OK	roberti-paul	114	2026-03-17T02:04:08Z
OK	roberts-russell	17	2026-03-17T02:04:08Z
OK	robertson-audrey	282	2026-03-17T02:04:09Z
OK	robinson-sierra	25	2026-03-17T02:04:09Z
OK	roche-kayla	8	2026-03-17T02:04:09Z
OK	rocheleau-chris	56	2026-03-17T02:04:09Z
OK	rockas-james-g	62	2026-03-17T02:04:09Z
OK	rodrigues-cecil	2	2026-03-17T02:04:09Z
OK	rodriguez-hiroaki-s	32	2026-03-17T02:04:09Z
OK	rodriguez-vianca	30	2026-03-17T02:04:09Z
OK	rogers-andrew	55	2026-03-17T02:04:09Z
OK	rogers-brendan	815	2026-03-17T02:04:10Z
OK	rogers-evan	22	2026-03-17T02:04:10Z
OK	rogers-sarah	97	2026-03-17T02:04:10Z
OK	rogers-zachary	27	2026-03-17T02:04:10Z
OK	rollins-brooke	124	2026-03-17T02:04:11Z
OK	rosales-manuel-a	52	2026-03-17T02:04:11Z
OK	rose-thomas	143	2026-03-17T02:04:11Z
OK	rosemond-jack	7	2026-03-17T02:04:11Z
OK	rosen-daniel-n	61	2026-03-17T02:04:11Z
OK	rosenthal-matthew	34	2026-03-17T02:04:11Z
OK	rosner-david	118	2026-03-17T02:04:11Z
OK	roth-arielle	56	2026-03-17T02:04:11Z
OK	rotter-robert	17	2026-03-17T02:04:11Z
OK	rowe-jarrett	13	2026-03-17T02:04:11Z
OK	rowell-scott	54	2026-03-17T02:04:11Z
OK	royce-shannon	45	2026-03-17T02:04:11Z
OK	rubinstein-reed	27	2026-03-17T02:04:12Z
OK	rubio-marco	30	2026-03-17T02:04:12Z
OK	runyan-danielle-a	238	2026-03-17T02:04:12Z
OK	ruona-eric-h	31	2026-03-17T02:04:12Z
OK	ruppe-blake-f	11	2026-03-17T02:04:12Z
OK	rushenberg-tim	24	2026-03-17T02:04:12Z
OK	rushton-sean	24	2026-03-17T02:04:12Z
OK	rutherford-michael	159	2026-03-17T02:04:12Z
OK	ryun-nathaniel	2	2026-03-17T02:04:12Z
OK	sadler-cameron	17	2026-03-17T02:04:12Z
OK	salemi-talia	4	2026-03-17T02:04:12Z
OK	salinger-kevin	29	2026-03-17T02:04:12Z
OK	samberg-david	4	2026-03-17T02:04:12Z
OK	sanborn-mark	42	2026-03-17T02:04:12Z
OK	sanderson-tyler	8	2026-03-17T02:04:12Z
OK	sandora-stephen-j	11	2026-03-17T02:04:12Z
OK	sanon-hayley	32	2026-03-17T02:04:12Z
OK	santos-victor-silva	16	2026-03-17T02:04:12Z
OK	satterlee-daniel	21	2026-03-17T02:04:12Z
OK	sauer-dean-john	238	2026-03-17T02:04:13Z
OK	sauer-john	36	2026-03-17T02:04:13Z
OK	saunders-robby-s	14	2026-03-17T02:04:13Z
OK	savas-steve	18	2026-03-17T02:04:13Z
OK	sayle-desiree-t	28	2026-03-17T02:04:13Z
OK	scales-amanda-d	20	2026-03-17T02:04:13Z
OK	scales-samuel-a	41	2026-03-17T02:04:13Z
OK	scarlett-brian-l	21	2026-03-17T02:04:13Z
OK	scarlett-katherine-r	21	2026-03-17T02:04:13Z
OK	scavino-daniel	18	2026-03-17T02:04:13Z
OK	schaefer-steven	41	2026-03-17T02:04:13Z
OK	schafle-matthew	28	2026-03-17T02:04:13Z
OK	schall-brandon-m	25	2026-03-17T02:04:13Z
OK	scharf-william-o	66	2026-03-17T02:04:13Z
OK	schindler-ronald	57	2026-03-17T02:04:13Z
OK	schirano-william-l	51	2026-03-17T02:04:14Z
OK	schmidt-peter-o	122	2026-03-17T02:04:14Z
OK	schnabel-eric	14	2026-03-17T02:04:14Z
OK	schuck-matthew	12	2026-03-17T02:04:14Z
OK	schuler-frank	1534	2026-03-17T02:04:16Z
OK	schultz-john	7	2026-03-17T02:04:16Z
OK	schultz-michelle	72	2026-03-17T02:04:16Z
OK	schwab-harris	9	2026-03-17T02:04:16Z
OK	schwab-samantha	22	2026-03-17T02:04:16Z
OK	schwarz-jay	43	2026-03-17T02:04:16Z
OK	schweppe-jonathan	44	2026-03-17T02:04:16Z
OK	schwinn-penny	102	2026-03-17T02:04:16Z
OK	scott-rodney-s	35	2026-03-17T02:04:16Z
OK	seal-samantha	6	2026-03-17T02:04:16Z
OK	seats-christopher	237	2026-03-17T02:04:16Z
OK	secord-ryan	13	2026-03-17T02:04:16Z
OK	selig-michael	108	2026-03-17T02:04:17Z
OK	sellers-corey	10	2026-03-17T02:04:17Z
OK	senn-christopher	18	2026-03-17T02:04:17Z
OK	serralta-gadyaces	24	2026-03-17T02:04:17Z
OK	sesmas-tapia-marco	5	2026-03-17T02:04:17Z
OK	sessions-karen	160	2026-03-17T02:04:17Z
OK	sgamma-kathleen	20	2026-03-17T02:04:17Z
OK	shang-bryton-j	308	2026-03-17T02:04:17Z
OK	shannon-shane	63	2026-03-17T02:04:17Z
OK	shapiro-daniel-j	37	2026-03-17T02:04:17Z
OK	shapiro-david-e	906	2026-03-17T02:04:19Z
OK	sharma-saurabh	27	2026-03-17T02:04:19Z
OK	shaw-david-j	60	2026-03-17T02:04:19Z
OK	shaw-mindy	208	2026-03-17T02:04:19Z
OK	shea-dorothy-c	39	2026-03-17T02:04:19Z
OK	shea-melissa	43	2026-03-17T02:04:19Z
OK	sheahan-madison-d	17	2026-03-17T02:04:19Z
OK	shedal-gavin	6	2026-03-17T02:04:20Z
OK	shedd-thomas	38	2026-03-17T02:04:20Z
OK	sherer-dustin	95	2026-03-17T02:04:20Z
OK	sherk-james	60	2026-03-17T02:04:20Z
OK	shirley-justin-j	18	2026-03-17T02:04:20Z
OK	shirley-malia	10	2026-03-17T02:04:20Z
OK	shoopman-amanda	2	2026-03-17T02:04:20Z
OK	shumate-brett-a	189	2026-03-17T02:04:20Z
OK	shuy-caitrin	70	2026-03-17T02:04:20Z
OK	siao-stephen	25	2026-03-17T02:04:20Z
OK	sidle-eric	147	2026-03-17T02:04:20Z
OK	siebert-erik-s	266	2026-03-17T02:04:21Z
OK	siegrist-benjamin	29	2026-03-17T02:04:21Z
OK	sigounas-george	35	2026-03-17T02:04:21Z
OK	silverman-spencer	88	2026-03-17T02:04:21Z
OK	simmons-joshua-b	66	2026-03-17T02:04:21Z
OK	simon-doug	54	2026-03-17T02:04:21Z
OK	simonson-joseph-g	18	2026-03-17T02:04:21Z
OK	simshauser-peter	66	2026-03-17T02:04:21Z
OK	sinha-anjani	46	2026-03-17T02:04:21Z
OK	sites-corey	3	2026-03-17T02:04:21Z
OK	sizemore-nathaniel	14	2026-03-17T02:04:21Z
OK	skala-grant	10	2026-03-17T02:04:21Z
OK	skeeters-mckenna	7	2026-03-17T02:04:21Z
OK	slagh-michael-j	16	2026-03-17T02:04:21Z
OK	slater-abigail	184	2026-03-17T02:04:22Z
OK	slater-chandler-neysa-m	19	2026-03-17T02:04:22Z
OK	sleeper-adam	28	2026-03-17T02:04:22Z
OK	slowey-gabriella	12	2026-03-17T02:04:22Z
OK	smajlaj-mariza	14	2026-03-17T02:04:22Z
OK	smith-alexandria	0	2026-03-17T02:04:22Z
OK	smith-amanda	6	2026-03-17T02:04:22Z
OK	smith-brad	144	2026-03-17T02:04:22Z
OK	smith-christopher	4	2026-03-17T02:04:22Z
OK	smith-darin-d	63	2026-03-17T02:04:22Z
OK	smith-glen	36	2026-03-17T02:04:22Z
OK	smith-herold-keyden	3	2026-03-17T02:04:22Z
OK	smith-holly-r	61	2026-03-17T02:04:22Z
OK	smith-jared	14	2026-03-17T02:04:22Z
OK	smith-joshua	86	2026-03-17T02:04:22Z
OK	smith-laurie	27	2026-03-17T02:04:22Z
OK	smith-loren	68	2026-03-17T02:04:23Z
OK	smith-travis	74	2026-03-17T02:04:23Z
OK	snare-jonathan	125	2026-03-17T02:04:23Z
OK	snyder-drew	93	2026-03-17T02:04:23Z
OK	snyder-ryan	36	2026-03-17T02:04:23Z
OK	sola-louis-e	23	2026-03-17T02:04:23Z
OK	solivan-elvis	7	2026-03-17T02:04:23Z
OK	sonderling-keith-e	113	2026-03-17T02:04:23Z
OK	sophos-zoe-m	2	2026-03-17T02:04:23Z
OK	sorensen-william-a	21	2026-03-17T02:04:23Z
OK	soto-melvin	6	2026-03-17T02:04:23Z
OK	spady-aubrie	7	2026-03-17T02:04:23Z
OK	spear-stefanie	90	2026-03-17T02:04:23Z
OK	spencer-william	27	2026-03-17T02:04:24Z
OK	sperla-ethan-p	9	2026-03-17T02:04:24Z
OK	spitser-keaton-w	9	2026-03-17T02:04:24Z
OK	sprowls-mary-l	37	2026-03-17T02:04:24Z
OK	spurlock-bridget-e	5	2026-03-17T02:04:24Z
OK	squires-john	55	2026-03-17T02:04:24Z
OK	st-pierre-david-l	62	2026-03-17T02:04:24Z
OK	stallings-anna-g	28	2026-03-17T02:04:24Z
OK	stallings-ethan	31	2026-03-17T02:04:24Z
OK	stannard-paula	97	2026-03-17T02:04:24Z
OK	starr-michael-p	15	2026-03-17T02:04:24Z
OK	stefanik-elise	15	2026-03-17T02:04:24Z
OK	steiner-david	122	2026-03-17T02:04:24Z
OK	stephens-warren	4997	2026-03-17T02:04:31Z
OK	stetin-alicia	0	2026-03-17T02:04:31Z
OK	stevens-kenneth-c	50	2026-03-17T02:04:31Z
OK	stewart-andrew-w	72	2026-03-17T02:04:32Z
OK	stewart-coke-morgan	99	2026-03-17T02:04:32Z
OK	stirling-bryan	41	2026-03-17T02:04:32Z
OK	stoddard-michael-t	5	2026-03-17T02:04:32Z
OK	stoll-brecca-k	29	2026-03-17T02:04:32Z
OK	stone-nicholas	9	2026-03-17T02:04:32Z
OK	stopper-joseph-m	24	2026-03-17T02:04:32Z
OK	street-george-wesley	32	2026-03-17T02:04:32Z
OK	stroebel-duane	112	2026-03-17T02:04:32Z
OK	stroyke-cailin	10	2026-03-17T02:04:32Z
OK	stuart-james	41	2026-03-17T02:04:32Z
OK	stuart-michael	174	2026-03-17T02:04:32Z
OK	stufft-julie-m	62	2026-03-17T02:04:33Z
OK	stumo-michael-c	27	2026-03-17T02:04:33Z
OK	stumpf-kaitlin-j	23	2026-03-17T02:04:33Z
OK	suarez-jackson-f	0	2026-03-17T02:04:33Z
OK	suess-adam	44	2026-03-17T02:04:33Z
OK	sullivan-dawn-marie-e	8	2026-03-17T02:04:33Z
OK	sullivan-james-d	43	2026-03-17T02:04:33Z
OK	sullivan-joseph-w	39	2026-03-17T02:04:33Z
OK	sullivan-katharine-t	19	2026-03-17T02:04:33Z
OK	sullivan-steven-j	9	2026-03-17T02:04:33Z
OK	sutton-abraham	120	2026-03-17T02:04:33Z
OK	sutton-katherine	125	2026-03-17T02:04:33Z
OK	suva-jerry	59	2026-03-17T02:04:33Z
OK	sweeney-robert	141	2026-03-17T02:04:34Z
OK	sweet-christopher	7	2026-03-17T02:04:34Z
OK	swegle-david	4	2026-03-17T02:04:34Z
OK	sweny-anna	12	2026-03-17T02:04:34Z
OK	swett-laura	24	2026-03-17T02:04:34Z
OK	switzer-bryan-richard	60	2026-03-17T02:04:34Z
OK	syptak-ramnath-stephanie-f	72	2026-03-17T02:04:34Z
OK	syrek-christopher-d	34	2026-03-17T02:04:34Z
OK	szabo-aaron	83	2026-03-17T02:04:34Z
OK	szostak-gabriela-n	14	2026-03-17T02:04:34Z
OK	szymanski-cole	7	2026-03-17T02:04:34Z
OK	taggart-david-r	111	2026-03-17T02:04:34Z
OK	talmage-sarah	74	2026-03-17T02:04:34Z
OK	tardif-abigale	16	2026-03-17T02:04:34Z
OK	tata-anthony-j	163	2026-03-17T02:04:34Z
OK	tatulyan-kevin	5	2026-03-17T02:04:34Z
OK	taylor-charlotte	0	2026-03-17T02:04:34Z
OK	tebeau-rohde-suzanne	77	2026-03-17T02:04:35Z
OK	telle-adam	37	2026-03-17T02:04:35Z
OK	theurer-derek	26	2026-03-17T02:04:35Z
OK	thomas-corry	13	2026-03-17T02:04:35Z
OK	thomas-grant	42	2026-03-17T02:04:35Z
OK	thompson-matthew	1	2026-03-17T02:04:35Z
OK	thomson-peter	63	2026-03-17T02:04:35Z
OK	thorgersen-thomas	12	2026-03-17T02:04:35Z
OK	thorman-sadie	6	2026-03-17T02:04:35Z
OK	thornton-jennifer	146	2026-03-17T02:04:35Z
OK	thurman-todd	22	2026-03-17T02:04:35Z
OK	tignor-beth	9	2026-03-17T02:04:35Z
OK	tinari-olivia	7	2026-03-17T02:04:35Z
OK	tirino-philip	18	2026-03-17T02:04:35Z
OK	tisa-nathaniel	42	2026-03-17T02:04:35Z
OK	tiso-daniel	23	2026-03-17T02:04:35Z
OK	todd-maurice	11	2026-03-17T02:04:35Z
OK	toepfer-david	35	2026-03-17T02:04:35Z
OK	toland-scott	36	2026-03-17T02:04:35Z
OK	tolleson-jr-jesse-d	55	2026-03-17T02:04:35Z
OK	tooloee-armen-j	12	2026-03-17T02:04:35Z
OK	topping-richard-f	214	2026-03-17T02:04:36Z
OK	toretti-christine	92	2026-03-17T02:04:36Z
OK	torossian-connor	5	2026-03-17T02:04:36Z
OK	traficant-james	200	2026-03-17T02:04:36Z
OK	trainor-craig	31	2026-03-17T02:04:36Z
OK	tran-victoria	18	2026-03-17T02:04:36Z
OK	travnicek-andrea	49	2026-03-17T02:04:36Z
OK	treml-gregg	111	2026-03-17T02:04:36Z
OK	trick-bryant-p	5	2026-03-17T02:04:36Z
OK	troutman-douglas	77	2026-03-17T02:04:37Z
OK	trudeau-kathryn	21	2026-03-17T02:04:37Z
OK	trump-cherise	29	2026-03-17T02:04:37Z
OK	trump-donald-j	4245	2026-03-17T02:04:43Z
OK	trusty-olivia	13	2026-03-17T02:04:43Z
OK	tsao-arthur-n	18	2026-03-17T02:04:43Z
OK	tullman-alexander	28	2026-03-17T02:04:43Z
OK	turner-eric-scott	92	2026-03-17T02:04:43Z
OK	turner-rushton	40	2026-03-17T02:04:43Z
OK	turner-usha	23	2026-03-17T02:04:43Z
OK	turner-william-k	10	2026-03-17T02:04:43Z
OK	tyner-jacob	0	2026-03-17T02:04:43Z
OK	ueland-eric-m	101	2026-03-17T02:04:43Z
OK	umer-shaz	17	2026-03-17T02:04:43Z
OK	underwood-emily-a	36	2026-03-17T02:04:43Z
OK	ursprung-sarah	25	2026-03-17T02:04:43Z
OK	ursua-soledad	11	2026-03-17T02:04:43Z
OK	uyeda-mark	48	2026-03-17T02:04:43Z
OK	vaden-stephen-alexander	129	2026-03-17T02:04:44Z
OK	vaida-elad	17	2026-03-17T02:04:44Z
OK	van-blarcom-lackey-amy	38	2026-03-17T02:04:44Z
OK	van-kirk-taylor-j	50	2026-03-17T02:04:44Z
OK	van-patton-matthew	79	2026-03-17T02:04:44Z
OK	vanatta-mary	65	2026-03-17T02:04:44Z
OK	vance-jd	52	2026-03-17T02:04:44Z
OK	varela-juan-p	22	2026-03-17T02:04:44Z
OK	vaseliou-molly-erin	46	2026-03-17T02:04:44Z
OK	vazquez-abdiel-s	12	2026-03-17T02:04:44Z
OK	veletsis-alexandra-e	36	2026-03-17T02:04:44Z
OK	velez-green-alexander-e4397d14-4f15-4d18-98b0-771814fb0315	41	2026-03-17T02:04:44Z
OK	veprek-andrew-m	10	2026-03-17T02:04:44Z
OK	verbaarschott-konrad	8	2026-03-17T02:04:44Z
OK	verno-martha	69	2026-03-17T02:04:44Z
OK	villa-tatiana	11	2026-03-17T02:04:44Z
OK	vissicchio-gabriella	11	2026-03-17T02:04:44Z
OK	vogel-anne	59	2026-03-17T02:04:45Z
OK	vogt-lydia	6	2026-03-17T02:04:45Z
OK	volpert-cary-p	3	2026-03-17T02:04:45Z
OK	vought-russell	43	2026-03-17T02:04:45Z
OK	voyles-travis	11	2026-03-17T02:04:45Z
OK	vrana-eva	4	2026-03-17T02:04:45Z
OK	vulaj-marie-a	57	2026-03-17T02:04:45Z
OK	wackman-thomas	16	2026-03-17T02:04:45Z
OK	waksman-jeff-l	34	2026-03-17T02:04:45Z
OK	walden-hannah	7	2026-03-17T02:04:45Z
OK	waldon-emmeline	3	2026-03-17T02:04:45Z
OK	walk-john	52	2026-03-17T02:04:45Z
OK	walker-alexa-l	14	2026-03-17T02:04:45Z
OK	walker-bradley-mark	56	2026-03-17T02:04:45Z
OK	walker-herschel	165	2026-03-17T02:04:45Z
OK	wall-kurt-l	53	2026-03-17T02:04:45Z
OK	walling-stephen	42	2026-03-17T02:04:45Z
OK	walsh-edward	104	2026-03-17T02:04:45Z
OK	walsh-timothy	117	2026-03-17T02:04:46Z
OK	walters-taylor	31	2026-03-17T02:04:46Z
OK	waltz-michael	66	2026-03-17T02:04:46Z
OK	walukevich-ashley	29	2026-03-17T02:04:46Z
OK	walz-zachary-c	16	2026-03-17T02:04:46Z
OK	ward-jacklyn	65	2026-03-17T02:04:46Z
OK	wardell-jonathan	10	2026-03-17T02:04:46Z
OK	warren-abby	60	2026-03-17T02:04:46Z
OK	warrington-david	67	2026-03-17T02:04:46Z
OK	wartman-isaiah	60	2026-03-17T02:04:46Z
OK	warzoha-stephen	4	2026-03-17T02:04:46Z
OK	washington-emery	11	2026-03-17T02:04:46Z
OK	watters-samuel	18	2026-03-17T02:04:46Z
OK	weaver-douglas	199	2026-03-17T02:04:46Z
OK	weber-jacob	2	2026-03-17T02:04:47Z
OK	weidner-thomas	34	2026-03-17T02:04:47Z
OK	weiland-frank-c	137	2026-03-17T02:04:47Z
OK	weinberg-philip	117	2026-03-17T02:04:47Z
OK	weinell-nathan	8	2026-03-17T02:04:47Z
OK	weiner-benjamin-cole	11	2026-03-17T02:04:47Z
OK	weir-shana	19	2026-03-17T02:04:47Z
OK	weiss-andrew	5	2026-03-17T02:04:47Z
OK	weldon-david-joseph	56	2026-03-17T02:04:47Z
OK	western-cyrus	43	2026-03-17T02:04:47Z
OK	westhill-devon	51	2026-03-17T02:04:47Z
OK	wettengel-matthew	20	2026-03-17T02:04:47Z
OK	whalen-edward-holmes	35	2026-03-17T02:04:47Z
OK	wheeler-thomas	168	2026-03-17T02:04:48Z
OK	whitaker-andrew-j	12	2026-03-17T02:04:48Z
OK	whitaker-matthew-g	133	2026-03-17T02:04:48Z
OK	white-caroline-lee	57	2026-03-17T02:04:48Z
OK	white-colleen	6	2026-03-17T02:04:48Z
OK	white-katherine-r	41	2026-03-17T02:04:48Z
OK	white-william	126	2026-03-17T02:04:48Z
OK	whitman-shawn	83	2026-03-17T02:04:48Z
OK	whitridge-linda	1059	2026-03-17T02:04:50Z
OK	wicks-mcnamara-jennifer	77	2026-03-17T02:04:50Z
OK	wied-jason	24	2026-03-17T02:04:50Z
OK	wieman-thomas	3	2026-03-17T02:04:50Z
OK	wiggins-jeremy	15	2026-03-17T02:04:50Z
OK	wilcox-james	7	2026-03-17T02:04:50Z
OK	wilcox-todd	112	2026-03-17T02:04:50Z
OK	wiles-susie	83	2026-03-17T02:04:50Z
OK	wilezol-david	46	2026-03-17T02:04:50Z
OK	willey-paige	53	2026-03-17T02:04:50Z
OK	williams-andrew	8	2026-03-17T02:04:50Z
OK	williams-brandon	13	2026-03-17T02:04:50Z
OK	williams-david-a	22	2026-03-17T02:04:50Z
OK	williams-jeffrey-tyler	80	2026-03-17T02:04:50Z
OK	williams-laci	15	2026-03-17T02:04:50Z
OK	williams-regan	2	2026-03-17T02:04:50Z
OK	williams-thomas-m	49	2026-03-17T02:04:50Z
OK	wilson-cory	67	2026-03-17T02:04:50Z
OK	wilson-reid	30	2026-03-17T02:04:51Z
OK	wilson-thomas	8	2026-03-17T02:04:51Z
OK	wimbrow-meredith	21	2026-03-17T02:04:51Z
OK	winberg-steven-e	188	2026-03-17T02:04:51Z
OK	wischer-gregory	39	2026-03-17T02:04:51Z
OK	witkofsky-nina-bishop	9	2026-03-17T02:04:51Z
OK	woll-david	1	2026-03-17T02:04:51Z
OK	wolt-gage	15	2026-03-17T02:04:51Z
OK	womack-kimberley-l	3	2026-03-17T02:04:51Z
OK	wong-alex	99	2026-03-17T02:04:51Z
OK	wong-emily	51	2026-03-17T02:04:51Z
OK	wood-sarah-c	73	2026-03-17T02:04:51Z
OK	woodcock-alexander	9	2026-03-17T02:04:51Z
OK	woodruff-james	44	2026-03-17T02:04:51Z
OK	woods-andrea	55	2026-03-17T02:04:51Z
OK	woodward-christy	113	2026-03-17T02:04:52Z
OK	woodward-stanley	120	2026-03-17T02:04:52Z
OK	workman-jeremiah	13	2026-03-17T02:04:52Z
OK	worthington-ross	50	2026-03-17T02:04:52Z
OK	wrase-jeffrey	49	2026-03-17T02:04:52Z
OK	wright-christopher-allen	581	2026-03-17T02:04:53Z
OK	wright-david-austin	9	2026-03-17T02:04:53Z
OK	wunderly-ryan	41	2026-03-17T02:04:53Z
OK	wynne-john-c	10	2026-03-17T02:04:53Z
OK	yablonski-christopher	13	2026-03-17T02:04:53Z
OK	yarbrough-madeline	14	2026-03-17T02:04:53Z
OK	yeaw-christopher	23	2026-03-17T02:04:53Z
OK	yi-alexander	79	2026-03-17T02:04:53Z
OK	yokanovich-colin-t	9	2026-03-17T02:04:53Z
OK	york-john	28	2026-03-17T02:04:53Z
OK	yoste-geoffrey-connell	14	2026-03-17T02:04:53Z
OK	young-brittany-m	16	2026-03-17T02:04:53Z
OK	young-charles	105	2026-03-17T02:04:53Z
OK	young-christopher	50	2026-03-17T02:04:53Z
OK	younkin-brenda-k	24	2026-03-17T02:04:53Z
OK	zakaria-hannah	30	2026-03-17T02:04:53Z
OK	zareh-emanuel-e	117	2026-03-17T02:04:54Z
OK	zeldin-lee	92	2026-03-17T02:04:54Z
OK	zerzan-gregory	47	2026-03-17T02:04:54Z
OK	zeta-lowell	51	2026-03-17T02:04:54Z
OK	zimmerman-daniel	100	2026-03-17T02:04:54Z
OK	zinberg-joel-m	433	2026-03-17T02:04:54Z
OK	zisholtz-barry	555	2026-03-17T02:04:55Z
OK	zorn-matthew	91	2026-03-17T02:04:55Z
